-- MySQL dump 10.13  Distrib 8.0.34, for Linux (x86_64)
--
-- Host: localhost    Database: outline
-- ------------------------------------------------------
-- Server version	8.0.34-0ubuntu0.22.04.1

/*!40101 SET @OLD_CHARACTER_SET_CLIENT=@@CHARACTER_SET_CLIENT */;
/*!40101 SET @OLD_CHARACTER_SET_RESULTS=@@CHARACTER_SET_RESULTS */;
/*!40101 SET @OLD_COLLATION_CONNECTION=@@COLLATION_CONNECTION */;
/*!50503 SET NAMES utf8mb4 */;
/*!40103 SET @OLD_TIME_ZONE=@@TIME_ZONE */;
/*!40103 SET TIME_ZONE='+00:00' */;
/*!40014 SET @OLD_UNIQUE_CHECKS=@@UNIQUE_CHECKS, UNIQUE_CHECKS=0 */;
/*!40014 SET @OLD_FOREIGN_KEY_CHECKS=@@FOREIGN_KEY_CHECKS, FOREIGN_KEY_CHECKS=0 */;
/*!40101 SET @OLD_SQL_MODE=@@SQL_MODE, SQL_MODE='NO_AUTO_VALUE_ON_ZERO' */;
/*!40111 SET @OLD_SQL_NOTES=@@SQL_NOTES, SQL_NOTES=0 */;

--
-- Table structure for table `bills`
--

DROP TABLE IF EXISTS `bills`;
/*!40101 SET @saved_cs_client     = @@character_set_client */;
/*!50503 SET character_set_client = utf8mb4 */;
CREATE TABLE `bills` (
  `pay_id` int NOT NULL AUTO_INCREMENT,
  `bill_date` datetime NOT NULL DEFAULT CURRENT_TIMESTAMP,
  `amount` int NOT NULL,
  `user_id` int NOT NULL,
  `is_payed` tinyint NOT NULL DEFAULT '0',
  `trx_id` varchar(32) DEFAULT NULL,
  PRIMARY KEY (`pay_id`)
) ENGINE=InnoDB AUTO_INCREMENT=107 DEFAULT CHARSET=utf8mb4 COLLATE=utf8mb4_0900_ai_ci;
/*!40101 SET character_set_client = @saved_cs_client */;

--
-- Dumping data for table `bills`
--

LOCK TABLES `bills` WRITE;
/*!40000 ALTER TABLE `bills` DISABLE KEYS */;
INSERT INTO `bills` VALUES (1,'2023-09-29 19:08:30',10,19,0,NULL),(2,'2023-09-29 19:16:12',10,19,0,NULL),(3,'2023-09-29 19:18:45',10,19,0,NULL),(4,'2023-09-29 19:20:42',10,19,0,NULL),(5,'2023-09-29 19:23:59',10,19,0,NULL),(6,'2023-09-29 19:26:37',10,19,1,NULL),(7,'2023-09-29 19:29:44',10,19,1,NULL),(8,'2023-09-29 19:34:27',10,19,1,NULL),(9,'2023-09-29 21:00:33',200,45,0,NULL),(10,'2023-09-30 00:16:35',10,19,1,NULL),(11,'2023-09-30 00:28:31',10,19,1,NULL),(12,'2023-09-30 00:35:42',10,19,0,NULL),(13,'2023-09-30 00:58:24',10,19,0,NULL),(14,'2023-09-30 01:05:15',10,17,0,NULL),(15,'2023-09-30 01:13:51',10,17,0,NULL),(16,'2023-09-30 01:19:24',10,19,1,NULL),(17,'2023-09-30 01:25:21',10,19,1,NULL),(18,'2023-09-30 13:05:56',10,17,1,NULL),(19,'2023-09-30 13:46:05',10,19,0,NULL),(20,'2023-09-30 13:49:02',10,19,1,NULL),(21,'2023-09-30 14:07:09',10,19,0,NULL),(22,'2023-09-30 14:09:11',10,19,1,NULL),(23,'2023-10-01 15:57:03',100,19,0,NULL),(24,'2023-10-02 16:58:19',100,19,0,NULL),(25,'2023-10-02 21:35:16',10,17,1,NULL),(26,'2023-10-02 22:10:15',10,19,0,NULL),(27,'2023-10-02 22:22:32',10,19,1,NULL),(28,'2023-10-03 13:00:03',100,17,0,NULL),(29,'2023-10-03 13:56:11',150,66,0,NULL),(30,'2023-10-03 14:00:48',100,65,1,NULL),(31,'2023-10-03 14:10:30',100,65,1,NULL),(32,'2023-10-03 14:46:30',150,17,0,NULL),(33,'2023-10-03 15:17:33',100,17,0,NULL),(34,'2023-10-04 12:42:56',900,71,1,NULL),(35,'2023-10-06 17:37:32',10,17,0,NULL),(36,'2023-10-06 17:38:04',20,17,0,NULL),(37,'2023-10-06 18:01:55',12,19,0,NULL),(38,'2023-10-06 18:02:00',400,19,0,NULL),(39,'2023-10-06 18:02:32',100,19,0,NULL),(40,'2023-10-07 13:34:27',100,79,0,NULL),(41,'2023-10-07 13:37:38',100,79,0,NULL),(42,'2023-10-07 13:37:42',200,79,0,NULL),(43,'2023-10-07 14:49:05',100,19,0,NULL),(44,'2023-10-07 17:28:54',150,70,1,NULL),(45,'2023-10-07 17:41:06',150,70,0,NULL),(46,'2023-10-08 13:09:49',100,19,0,NULL),(47,'2023-10-08 13:54:34',100,45,0,NULL),(48,'2023-10-08 13:54:42',200,45,0,NULL),(49,'2023-10-08 15:00:30',10,19,0,NULL),(50,'2023-10-08 15:26:29',100,19,1,NULL),(51,'2023-10-08 23:33:11',100,19,0,NULL),(52,'2023-10-08 23:35:58',100,19,0,NULL),(53,'2023-10-09 00:26:02',100,19,0,NULL),(54,'2023-10-09 15:50:57',100,19,0,NULL),(55,'2023-10-09 15:52:33',100,19,1,NULL),(56,'2023-10-09 16:13:37',100,19,0,NULL),(57,'2023-10-09 16:13:57',140,19,0,NULL),(58,'2023-10-09 16:17:39',123,19,0,NULL),(59,'2023-10-09 22:50:35',100,19,1,NULL),(60,'2023-10-10 00:49:34',500,17,0,NULL),(61,'2023-10-10 11:26:34',100,19,0,NULL),(62,'2023-10-10 11:27:31',100,19,0,NULL),(63,'2023-10-10 11:29:52',100,19,1,NULL),(64,'2023-10-10 11:51:15',150,91,0,NULL),(65,'2023-10-12 10:55:20',150,120,0,NULL),(66,'2023-10-12 11:01:10',100,129,0,NULL),(67,'2023-10-12 11:24:10',200,19,0,NULL),(68,'2023-10-12 12:13:36',150,94,0,NULL),(69,'2023-10-12 16:33:17',405,19,0,NULL),(70,'2023-10-12 16:33:55',149,92,0,NULL),(71,'2023-10-12 22:09:13',810,93,0,NULL),(72,'2023-10-13 13:51:08',269,171,0,NULL),(73,'2023-10-13 13:52:20',269,92,0,NULL),(74,'2023-10-15 03:24:14',630,206,0,NULL),(75,'2023-10-15 12:05:41',630,139,0,NULL),(76,'2023-10-15 16:18:15',630,92,0,NULL),(77,'2023-10-15 16:20:05',269,92,0,NULL),(78,'2023-10-15 17:26:12',630,211,0,NULL),(79,'2023-10-15 17:26:53',380,211,0,NULL),(80,'2023-10-15 22:02:17',380,92,0,NULL),(81,'2023-10-15 22:06:20',269,92,0,NULL),(82,'2023-10-15 22:24:22',269,93,0,NULL),(83,'2023-10-15 22:52:44',380,19,0,NULL),(84,'2023-10-15 23:41:58',269,19,0,NULL),(85,'2023-10-16 00:06:18',269,93,0,NULL),(86,'2023-10-17 15:26:26',149,119,0,NULL),(87,'2023-10-17 15:49:20',149,19,0,NULL),(88,'2023-10-18 01:18:20',269,234,0,NULL),(89,'2023-10-18 14:56:37',149,205,1,NULL),(90,'2023-10-18 14:58:59',149,205,0,NULL),(91,'2023-10-18 17:40:55',630,243,0,NULL),(92,'2023-10-18 19:17:26',630,250,1,NULL),(93,'2023-10-18 20:08:39',149,241,0,NULL),(94,'2023-10-18 23:35:13',149,257,0,NULL),(95,'2023-10-19 11:39:55',149,193,1,NULL),(96,'2023-10-19 14:34:50',269,269,0,NULL),(97,'2023-10-19 14:38:41',269,19,0,NULL),(98,'2023-10-19 16:23:41',630,271,0,NULL),(99,'2023-10-19 16:53:26',149,272,0,NULL),(100,'2023-10-19 16:55:32',149,19,0,NULL),(101,'2023-10-19 17:13:32',149,19,0,NULL),(102,'2023-10-19 17:14:19',100,19,0,NULL),(103,'2023-10-19 17:51:37',100,93,0,NULL),(104,'2023-10-19 19:29:32',100,19,1,NULL),(105,'2023-10-19 19:35:24',100,19,0,NULL),(106,'2023-10-21 15:35:39',149,93,0,NULL);
/*!40000 ALTER TABLE `bills` ENABLE KEYS */;
UNLOCK TABLES;

--
-- Table structure for table `outline_keys`
--

DROP TABLE IF EXISTS `outline_keys`;
/*!40101 SET @saved_cs_client     = @@character_set_client */;
/*!50503 SET character_set_client = utf8mb4 */;
CREATE TABLE `outline_keys` (
  `key_id` int NOT NULL AUTO_INCREMENT,
  `outline_key_id` int NOT NULL,
  `server_id` int NOT NULL,
  `key_value` varchar(255) NOT NULL,
  `used` tinyint(1) NOT NULL,
  PRIMARY KEY (`key_id`)
) ENGINE=InnoDB AUTO_INCREMENT=584 DEFAULT CHARSET=utf8mb4 COLLATE=utf8mb4_0900_ai_ci;
/*!40101 SET character_set_client = @saved_cs_client */;

--
-- Dumping data for table `outline_keys`
--

LOCK TABLES `outline_keys` WRITE;
/*!40000 ALTER TABLE `outline_keys` DISABLE KEYS */;
INSERT INTO `outline_keys` VALUES (32,38,4,'ss://Y2hhY2hhMjAtaWV0Zi1wb2x5MTMwNTpWaGNTNDdPM0dVVVNjU00wOTRMZ0RG@45.153.69.147:1569/?outline=1',1),(34,40,4,'ss://Y2hhY2hhMjAtaWV0Zi1wb2x5MTMwNTpzS1pOU3lrS01PSjBtdU9PQ3k2VEF3@45.153.69.147:1569/?outline=1',1),(35,41,4,'ss://Y2hhY2hhMjAtaWV0Zi1wb2x5MTMwNTpFd1JLUHROOXJDa0l0SkpZN1dVYUU4@45.153.69.147:1569/?outline=1',1),(36,42,4,'ss://Y2hhY2hhMjAtaWV0Zi1wb2x5MTMwNTpOeHltVFRtWUZ2SHIyT3M4TW1oT2k0@45.153.69.147:1569/?outline=1',1),(37,43,4,'ss://Y2hhY2hhMjAtaWV0Zi1wb2x5MTMwNTpkYVl5Y2IyaEszYUdNcmFHNEN2d3l1@45.153.69.147:1569/?outline=1',1),(39,45,4,'ss://Y2hhY2hhMjAtaWV0Zi1wb2x5MTMwNTphWFpCUFJkS0JWM3NtZFFnZTNoMFJi@45.153.69.147:1569/?outline=1',1),(41,47,4,'ss://Y2hhY2hhMjAtaWV0Zi1wb2x5MTMwNTpkaHA4QUNOWm1sTlBiUW5XMmFqclE0@45.153.69.147:1569/?outline=1',1),(43,49,4,'ss://Y2hhY2hhMjAtaWV0Zi1wb2x5MTMwNTo1bVdxeGdvaHA0WGs3UVhGWWltZzZY@45.153.69.147:1569/?outline=1',1),(55,61,4,'ss://Y2hhY2hhMjAtaWV0Zi1wb2x5MTMwNTpvcHJlU2lEODBsOWZNWDVkdmhGenVW@45.153.69.147:1569/?outline=1',1),(56,62,4,'ss://Y2hhY2hhMjAtaWV0Zi1wb2x5MTMwNTo4Q0Q3OEl5dk5XVzFNcVl1VVFiVWhz@45.153.69.147:1569/?outline=1',1),(57,63,4,'ss://Y2hhY2hhMjAtaWV0Zi1wb2x5MTMwNTpnOERDUWNrY1dhQXRaUGQxZEJoYm5X@45.153.69.147:1569/?outline=1',1),(58,64,4,'ss://Y2hhY2hhMjAtaWV0Zi1wb2x5MTMwNTp6bXlobnl1NTg5SkNNMjV4YURyNUdw@45.153.69.147:1569/?outline=1',1),(59,65,4,'ss://Y2hhY2hhMjAtaWV0Zi1wb2x5MTMwNTpRNnYwb1o2SXpQd0tGTHEwSTRFZzVv@45.153.69.147:1569/?outline=1',0),(60,66,4,'ss://Y2hhY2hhMjAtaWV0Zi1wb2x5MTMwNTpxVER4UkQ2cGljNDRTUXg5Zno0TnU2@45.153.69.147:1569/?outline=1',0),(61,37,5,'ss://Y2hhY2hhMjAtaWV0Zi1wb2x5MTMwNTpQYUZ3UzdBSGRBanA3UTByYVp0aGow@185.219.134.225:48110/?outline=1',1),(63,39,5,'ss://Y2hhY2hhMjAtaWV0Zi1wb2x5MTMwNTpjT0prTEJ5OHNJdWdBUWNsVGdFd0Vo@185.219.134.225:48110/?outline=1',1),(64,40,5,'ss://Y2hhY2hhMjAtaWV0Zi1wb2x5MTMwNTpZVVJWZXRuaTVtdUxkTmRjSlZiTHhk@185.219.134.225:48110/?outline=1',1),(65,41,5,'ss://Y2hhY2hhMjAtaWV0Zi1wb2x5MTMwNTpzOHBSWFZrdE1RRmdCOHExb0hjaWRC@185.219.134.225:48110/?outline=1',1),(66,42,5,'ss://Y2hhY2hhMjAtaWV0Zi1wb2x5MTMwNTprVkc1TzZVOWNZV0VZaUdCN2F3aFN6@185.219.134.225:48110/?outline=1',1),(68,44,5,'ss://Y2hhY2hhMjAtaWV0Zi1wb2x5MTMwNTo4Q0d0c0NEQmpKSU1QUVhvek1KN3Zk@185.219.134.225:48110/?outline=1',1),(70,46,5,'ss://Y2hhY2hhMjAtaWV0Zi1wb2x5MTMwNTpGV09SUHlPSHZrMW9EZzVnTm1lOVBq@185.219.134.225:48110/?outline=1',1),(71,47,5,'ss://Y2hhY2hhMjAtaWV0Zi1wb2x5MTMwNTpRUUExWlF2NFZ3YTM1NTlVc2ZEZUMw@185.219.134.225:48110/?outline=1',1),(73,49,5,'ss://Y2hhY2hhMjAtaWV0Zi1wb2x5MTMwNTp6c0lJSFcwODBsd0lJQmhPbkE4Tnl5@185.219.134.225:48110/?outline=1',1),(75,51,5,'ss://Y2hhY2hhMjAtaWV0Zi1wb2x5MTMwNTpnZEtDb0R4cVZxeVo4eTRKeldreVNZ@185.219.134.225:48110/?outline=1',1),(76,52,5,'ss://Y2hhY2hhMjAtaWV0Zi1wb2x5MTMwNTpBOVBOUWRWQXFKMGJKeVJTcGQ1Rmxa@185.219.134.225:48110/?outline=1',1),(77,53,5,'ss://Y2hhY2hhMjAtaWV0Zi1wb2x5MTMwNTpmREd3aHRDdFRXd2JJdEtUSTVtRWoz@185.219.134.225:48110/?outline=1',1),(78,54,5,'ss://Y2hhY2hhMjAtaWV0Zi1wb2x5MTMwNTpUTGIwS3FyVEg5Ukw0Q09hYUxrRzhz@185.219.134.225:48110/?outline=1',1),(81,57,5,'ss://Y2hhY2hhMjAtaWV0Zi1wb2x5MTMwNTpQajVGZUZTOWdCUzZvaGxGNUdlcFBJ@185.219.134.225:48110/?outline=1',1),(82,58,5,'ss://Y2hhY2hhMjAtaWV0Zi1wb2x5MTMwNTpjQjA1RlpQak9CTFprOHdjQXZZT2J2@185.219.134.225:48110/?outline=1',1),(83,59,5,'ss://Y2hhY2hhMjAtaWV0Zi1wb2x5MTMwNTo2RjFqd1FhcDZORFVNZkRkYXlPOWZ5@185.219.134.225:48110/?outline=1',1),(84,60,5,'ss://Y2hhY2hhMjAtaWV0Zi1wb2x5MTMwNTpxRFJPZFBEMUV3SWRIWEdYRERTZ2pn@185.219.134.225:48110/?outline=1',1),(85,61,5,'ss://Y2hhY2hhMjAtaWV0Zi1wb2x5MTMwNTpuSExFQmdqc3VRbE40bEVjQXZqMldv@185.219.134.225:48110/?outline=1',1),(86,62,5,'ss://Y2hhY2hhMjAtaWV0Zi1wb2x5MTMwNTo3NVlHcTA1VlBQVGtCTVpPWVJSa2Zs@185.219.134.225:48110/?outline=1',1),(87,63,5,'ss://Y2hhY2hhMjAtaWV0Zi1wb2x5MTMwNTppbXlwR2locXJxalBncEtsaDF3WFBC@185.219.134.225:48110/?outline=1',1),(88,64,5,'ss://Y2hhY2hhMjAtaWV0Zi1wb2x5MTMwNTpMalFCd3V4ZGJQMnY0ODgwSnZQSHcy@185.219.134.225:48110/?outline=1',1),(89,65,5,'ss://Y2hhY2hhMjAtaWV0Zi1wb2x5MTMwNTpJWWRLS1V2Q3pJNEh3VFRKdHZKMFp5@185.219.134.225:48110/?outline=1',0),(90,66,5,'ss://Y2hhY2hhMjAtaWV0Zi1wb2x5MTMwNTpSTVBLUWlIa0hjNWJHbUNjRGxsMmpL@185.219.134.225:48110/?outline=1',0),(92,2,2,'ss://Y2hhY2hhMjAtaWV0Zi1wb2x5MTMwNTpTMW1BSVVZbzR0MG9iNkloUkx1MmE1@89.208.103.199:34150/?outline=1',1),(95,5,2,'ss://Y2hhY2hhMjAtaWV0Zi1wb2x5MTMwNTowM0VVMUhqUTVFa3d4NHlGQ2RCMW1a@89.208.103.199:34150/?outline=1',1),(97,7,2,'ss://Y2hhY2hhMjAtaWV0Zi1wb2x5MTMwNTpveThRZVloaHJLaHNZaTZRWDNQaXRV@89.208.103.199:34150/?outline=1',1),(101,11,2,'ss://Y2hhY2hhMjAtaWV0Zi1wb2x5MTMwNTpvTFFodDlWV2hRa0hNZFY1Qk5KMjdD@89.208.103.199:34150/?outline=1',1),(103,13,2,'ss://Y2hhY2hhMjAtaWV0Zi1wb2x5MTMwNTp2RmdNUk5RVTduM3pvOUJETFZ6MFVU@89.208.103.199:34150/?outline=1',1),(109,19,2,'ss://Y2hhY2hhMjAtaWV0Zi1wb2x5MTMwNTpiZGZDZGVzdDU0ck02RnB0aENxQ3lv@89.208.103.199:34150/?outline=1',1),(110,20,2,'ss://Y2hhY2hhMjAtaWV0Zi1wb2x5MTMwNTppZ3diZ0M4SE96RU5zZ0RCeUxMdXdV@89.208.103.199:34150/?outline=1',1),(112,22,2,'ss://Y2hhY2hhMjAtaWV0Zi1wb2x5MTMwNTpQM2JucHl0TDRHNDQ3TmMyTlA1UUJu@89.208.103.199:34150/?outline=1',1),(113,23,2,'ss://Y2hhY2hhMjAtaWV0Zi1wb2x5MTMwNTp4U2F1dUxFWlV0cHZmaDVFc0RYNHhL@89.208.103.199:34150/?outline=1',1),(115,25,2,'ss://Y2hhY2hhMjAtaWV0Zi1wb2x5MTMwNTpNT3pRcGkwbWk0bk9INEtFZnFSTncz@89.208.103.199:34150/?outline=1',1),(116,26,2,'ss://Y2hhY2hhMjAtaWV0Zi1wb2x5MTMwNTpvWHE1RHpKOUxLaWIwTUhWblNuQW5w@89.208.103.199:34150/?outline=1',1),(117,27,2,'ss://Y2hhY2hhMjAtaWV0Zi1wb2x5MTMwNToycktaY2RqZGwzZHJDbmJkU3BXTzh5@89.208.103.199:34150/?outline=1',1),(118,28,2,'ss://Y2hhY2hhMjAtaWV0Zi1wb2x5MTMwNTplZ2JhcXFmcFB0ODh6Z1JvMkNaRkgy@89.208.103.199:34150/?outline=1',1),(119,29,2,'ss://Y2hhY2hhMjAtaWV0Zi1wb2x5MTMwNTppVjdEdjh5ZlhGZUVFNFM4SDJPUTFj@89.208.103.199:34150/?outline=1',1),(120,30,2,'ss://Y2hhY2hhMjAtaWV0Zi1wb2x5MTMwNTpSSjA4NklnMklXbDZFR0phSFdZRFg5@89.208.103.199:34150/?outline=1',1),(122,140,1,'ss://Y2hhY2hhMjAtaWV0Zi1wb2x5MTMwNTpmeUhUdE8xajhKVWlsYnVVSUkzbXU3@212.118.53.231:10474/?outline=1',1),(136,154,1,'ss://Y2hhY2hhMjAtaWV0Zi1wb2x5MTMwNTpWOEFtU0dlbTZFdE5ESTNzMldIb1du@212.118.53.231:10474/?outline=1',1),(137,155,1,'ss://Y2hhY2hhMjAtaWV0Zi1wb2x5MTMwNTpWOTF5TmJZQjcxaklBMnNxaW95ODRu@212.118.53.231:10474/?outline=1',1),(138,156,1,'ss://Y2hhY2hhMjAtaWV0Zi1wb2x5MTMwNTpMQnFjRTFpeHJTcUpqZmpvYWVZbDZX@212.118.53.231:10474/?outline=1',1),(150,168,1,'ss://Y2hhY2hhMjAtaWV0Zi1wb2x5MTMwNTpJWlkxSXJWdVMxd0NLa1Y3N3hOcW1y@212.118.53.231:10474/?outline=1',1),(153,70,2,'ss://Y2hhY2hhMjAtaWV0Zi1wb2x5MTMwNTpET3EyODFQTkxSaU1FaVJFYjJLNnZW@89.208.103.199:34150/?outline=1',1),(154,71,2,'ss://Y2hhY2hhMjAtaWV0Zi1wb2x5MTMwNTpRN2RKOGdsTXd1WGlIRmdlU3VJdEh0@89.208.103.199:34150/?outline=1',0),(157,98,4,'ss://Y2hhY2hhMjAtaWV0Zi1wb2x5MTMwNTpydTNGdllHVjZZMFkzR0w2MkxoM2di@45.153.69.147:1569/?outline=1',0),(158,72,2,'ss://Y2hhY2hhMjAtaWV0Zi1wb2x5MTMwNTpBeW84cWVkeHJjMFpXcFlLbkM0Skxn@89.208.103.199:34150/?outline=1',0),(161,99,4,'ss://Y2hhY2hhMjAtaWV0Zi1wb2x5MTMwNTptYTBxc1dGeGI1ZG1VR05xTVZtQkhq@45.153.69.147:1569/?outline=1',0),(162,100,4,'ss://Y2hhY2hhMjAtaWV0Zi1wb2x5MTMwNTozRHRIZURyTm5xbmthM2FsVTZnbVhG@45.153.69.147:1569/?outline=1',0),(163,99,5,'ss://Y2hhY2hhMjAtaWV0Zi1wb2x5MTMwNTpTSHRwSzhOMUNqVWYxcExtVFlUYnVF@185.219.134.225:45484/?outline=1',0),(164,100,5,'ss://Y2hhY2hhMjAtaWV0Zi1wb2x5MTMwNTpid0lxYnQ2cUM0TzBvYmhsVHBiZEFi@185.219.134.225:45484/?outline=1',0),(165,101,5,'ss://Y2hhY2hhMjAtaWV0Zi1wb2x5MTMwNTpyZ05zdGR5TDFaS3paYWc4OUZua0h6@185.219.134.225:45484/?outline=1',0),(167,101,4,'ss://Y2hhY2hhMjAtaWV0Zi1wb2x5MTMwNTp4UDdUekNnWEVWWXJoSXp4clNlbTNq@45.153.69.147:1569/?outline=1',0),(168,102,5,'ss://Y2hhY2hhMjAtaWV0Zi1wb2x5MTMwNTo1c0J6OUxncWxwNDUwVWRyVmhCYmxC@185.219.134.225:45484/?outline=1',0),(170,103,5,'ss://Y2hhY2hhMjAtaWV0Zi1wb2x5MTMwNTpOTkx0TVAwQkxRTGRQWEU5WFdJOXVS@185.219.134.225:45484/?outline=1',0),(172,102,4,'ss://Y2hhY2hhMjAtaWV0Zi1wb2x5MTMwNTpMQ3ljcmM4MXlnUzdlYUx6elJhUkZa@45.153.69.147:1569/?outline=1',0),(173,73,2,'ss://Y2hhY2hhMjAtaWV0Zi1wb2x5MTMwNTpGeWdQQ1pFamFjTG1HM1ByTU1TT0x5@89.208.103.199:34150/?outline=1',0),(175,103,4,'ss://Y2hhY2hhMjAtaWV0Zi1wb2x5MTMwNTprb1lyYjJXYXlnV1ZOSGkxMnRncVVp@45.153.69.147:1569/?outline=1',0),(176,104,5,'ss://Y2hhY2hhMjAtaWV0Zi1wb2x5MTMwNTpqamNiMHl1QVRDa1NKNll0VElTNDBq@185.219.134.225:45484/?outline=1',0),(178,104,4,'ss://Y2hhY2hhMjAtaWV0Zi1wb2x5MTMwNToyM0dWSTV0UVBTOVl2czVsUEs4em02@45.153.69.147:1569/?outline=1',0),(179,105,5,'ss://Y2hhY2hhMjAtaWV0Zi1wb2x5MTMwNTpuQlFuM2g0MFpSdmJMSDh3cVpudm1t@185.219.134.225:45484/?outline=1',0),(180,74,2,'ss://Y2hhY2hhMjAtaWV0Zi1wb2x5MTMwNTpPWTNLQzNrSm94bk5pOGFJMnRrclZL@89.208.103.199:34150/?outline=1',0),(182,105,4,'ss://Y2hhY2hhMjAtaWV0Zi1wb2x5MTMwNToyeXhsY1R2c3BDdjdqcXQ1NDZ2a0g1@45.153.69.147:1569/?outline=1',0),(183,106,5,'ss://Y2hhY2hhMjAtaWV0Zi1wb2x5MTMwNTo5YzdBb0hIaU1Ra1ZON2VxTGRjdVJR@185.219.134.225:45484/?outline=1',0),(185,106,4,'ss://Y2hhY2hhMjAtaWV0Zi1wb2x5MTMwNTpESUtEekRvb21DbkRkVGRtSTdrd1BX@45.153.69.147:1569/?outline=1',0),(186,107,5,'ss://Y2hhY2hhMjAtaWV0Zi1wb2x5MTMwNTpxT3U5NXV1ckJHbmI2dVRrYjdGa21B@185.219.134.225:45484/?outline=1',0),(188,107,4,'ss://Y2hhY2hhMjAtaWV0Zi1wb2x5MTMwNTpzZVhoUzd1UjM2cXE3M0F0WjNpQ1Z4@45.153.69.147:1569/?outline=1',0),(189,108,5,'ss://Y2hhY2hhMjAtaWV0Zi1wb2x5MTMwNTpWOGtFNDRoZmlxWnJZNHZNdms1S2lv@185.219.134.225:45484/?outline=1',0),(191,75,2,'ss://Y2hhY2hhMjAtaWV0Zi1wb2x5MTMwNTpDNkhzNjlSaG1URkFhVHU0b1Vmb0Uz@89.208.103.199:34150/?outline=1',0),(192,76,2,'ss://Y2hhY2hhMjAtaWV0Zi1wb2x5MTMwNTpIMnk4ZGFFRXhWNlVBOHBUUTNLd2oz@89.208.103.199:34150/?outline=1',0),(195,108,4,'ss://Y2hhY2hhMjAtaWV0Zi1wb2x5MTMwNToxSTBZR1dzdFJCWGVJak5UbHpibmlk@45.153.69.147:1569/?outline=1',0),(196,109,4,'ss://Y2hhY2hhMjAtaWV0Zi1wb2x5MTMwNTpNbkphWG5vV3lpMnVTVHU2TTdYTmlP@45.153.69.147:1569/?outline=1',0),(197,109,5,'ss://Y2hhY2hhMjAtaWV0Zi1wb2x5MTMwNTpzdHFBNGJ6a3JZOVNZR0twRnBwcDNJ@185.219.134.225:45484/?outline=1',0),(198,110,5,'ss://Y2hhY2hhMjAtaWV0Zi1wb2x5MTMwNTp5STA2WXhPTUNZdlFJdHpOV3hSbHhj@185.219.134.225:45484/?outline=1',0),(200,110,4,'ss://Y2hhY2hhMjAtaWV0Zi1wb2x5MTMwNTpKTElsaFJuTjh1Vm5RdDY2bUdyTFJB@45.153.69.147:1569/?outline=1',0),(201,111,5,'ss://Y2hhY2hhMjAtaWV0Zi1wb2x5MTMwNTpjZUdlZG8yaTF5bnJHVlFTZGhlOVB1@185.219.134.225:45484/?outline=1',0),(203,111,4,'ss://Y2hhY2hhMjAtaWV0Zi1wb2x5MTMwNToxM2xVQkw0TDJBV0I3UnVKOHc3ZmlP@45.153.69.147:1569/?outline=1',0),(204,112,5,'ss://Y2hhY2hhMjAtaWV0Zi1wb2x5MTMwNTpMMjl4Q0RHejNjc1dJMzllTTBHZTVE@185.219.134.225:45484/?outline=1',0),(205,77,2,'ss://Y2hhY2hhMjAtaWV0Zi1wb2x5MTMwNTp1Qk1sQkN6RnRvRXZNWFlEekFPTXVh@89.208.103.199:34150/?outline=1',0),(207,112,4,'ss://Y2hhY2hhMjAtaWV0Zi1wb2x5MTMwNTpnM0E1NjZ4RGg4TEFXS201MmVVMzlO@45.153.69.147:1569/?outline=1',0),(208,113,5,'ss://Y2hhY2hhMjAtaWV0Zi1wb2x5MTMwNTpwWXNhcjJSUGF6cm9BSWJ0YWptaWl2@185.219.134.225:45484/?outline=1',0),(209,78,2,'ss://Y2hhY2hhMjAtaWV0Zi1wb2x5MTMwNTpWNTBVTXIwWEZQTTAyVWgyRkdLcndP@89.208.103.199:34150/?outline=1',0),(212,113,4,'ss://Y2hhY2hhMjAtaWV0Zi1wb2x5MTMwNTpEVEphSnZSclJKbDVWcjhWOG5SSVll@45.153.69.147:1569/?outline=1',0),(213,114,4,'ss://Y2hhY2hhMjAtaWV0Zi1wb2x5MTMwNTo1OGVaODZOSldMNVFHTXVqUlRja2E4@45.153.69.147:1569/?outline=1',0),(214,114,5,'ss://Y2hhY2hhMjAtaWV0Zi1wb2x5MTMwNTp2WXRmTTdRQ2NNdWRwc2pieEJBczVm@185.219.134.225:45484/?outline=1',0),(215,115,5,'ss://Y2hhY2hhMjAtaWV0Zi1wb2x5MTMwNTp5MVJ5QjJkQnVPZThhTUNoaUc3dUh4@185.219.134.225:45484/?outline=1',0),(217,115,4,'ss://Y2hhY2hhMjAtaWV0Zi1wb2x5MTMwNTpRRHRrWFpLbmNheHJFRTVaMWlBbUNX@45.153.69.147:1569/?outline=1',0),(218,116,5,'ss://Y2hhY2hhMjAtaWV0Zi1wb2x5MTMwNTpwMHNKS2ZXVE9mUE95TGdlTHhaekdU@185.219.134.225:45484/?outline=1',0),(219,79,2,'ss://Y2hhY2hhMjAtaWV0Zi1wb2x5MTMwNTo5MnQyRWVyamJoVnNqVUZKZmhMSVpC@89.208.103.199:34150/?outline=1',0),(220,80,2,'ss://Y2hhY2hhMjAtaWV0Zi1wb2x5MTMwNToyNXFVYlVYQ280MFp5TGN3YW5ReGln@89.208.103.199:34150/?outline=1',0),(223,116,4,'ss://Y2hhY2hhMjAtaWV0Zi1wb2x5MTMwNTp6aG5hd2EyTjRHWVVVUDNnWEd5Z3dv@45.153.69.147:1569/?outline=1',0),(224,117,4,'ss://Y2hhY2hhMjAtaWV0Zi1wb2x5MTMwNTo4eUV6WmhVRFlKWDdwSTk3bmJQWkM3@45.153.69.147:1569/?outline=1',0),(225,117,5,'ss://Y2hhY2hhMjAtaWV0Zi1wb2x5MTMwNTp1aXUyOXU5QmxXOVBaMFBGMURpb21C@185.219.134.225:45484/?outline=1',0),(226,118,5,'ss://Y2hhY2hhMjAtaWV0Zi1wb2x5MTMwNTpsNjhTbTBPejhtVmtKWExJOFg4Yk0z@185.219.134.225:45484/?outline=1',0),(228,118,4,'ss://Y2hhY2hhMjAtaWV0Zi1wb2x5MTMwNTp0TlhIazdYMVQ4Q0h1VllnZDhydU9k@45.153.69.147:1569/?outline=1',0),(229,119,5,'ss://Y2hhY2hhMjAtaWV0Zi1wb2x5MTMwNTpyRWZmTEVMS3BhUWxMZGpHNGRWblc5@185.219.134.225:45484/?outline=1',0),(231,81,2,'ss://Y2hhY2hhMjAtaWV0Zi1wb2x5MTMwNTpJNk1mTVFkRE5jSGRhMUJlQzE3WThy@89.208.103.199:34150/?outline=1',0),(233,119,4,'ss://Y2hhY2hhMjAtaWV0Zi1wb2x5MTMwNTp5NURFMXkzdjlEeEhuZTBzU1VsVWxC@45.153.69.147:1569/?outline=1',0),(234,120,5,'ss://Y2hhY2hhMjAtaWV0Zi1wb2x5MTMwNTpVdVJUUTZYa1ZqSUt1ZEE1QWcwSjFJ@185.219.134.225:45484/?outline=1',0),(251,272,1,'ss://Y2hhY2hhMjAtaWV0Zi1wb2x5MTMwNTpUYUxZVzZEVWo0Uzl5MUpFRVVuOE9m@212.118.53.231:10474/?outline=1',1),(252,273,1,'ss://Y2hhY2hhMjAtaWV0Zi1wb2x5MTMwNTo4RWo5bjhwdnE2YXhCbGNIRVJjbUVS@212.118.53.231:10474/?outline=1',1),(253,274,1,'ss://Y2hhY2hhMjAtaWV0Zi1wb2x5MTMwNTp2RzIyTUk3MG9rUU9rcld6T2I1eFlU@212.118.53.231:10474/?outline=1',1),(254,275,1,'ss://Y2hhY2hhMjAtaWV0Zi1wb2x5MTMwNTpwTWJNcjNTUm1JY2trZWV1VUdkQ0s1@212.118.53.231:10474/?outline=1',1),(255,276,1,'ss://Y2hhY2hhMjAtaWV0Zi1wb2x5MTMwNTpaSDBYRktoVU1rc2kxT1hOQnQwZzhJ@212.118.53.231:10474/?outline=1',1),(256,277,1,'ss://Y2hhY2hhMjAtaWV0Zi1wb2x5MTMwNToydHpuNFhNbXV3ZHFmN3N2aWNHT2hi@212.118.53.231:10474/?outline=1',1),(257,135,2,'ss://Y2hhY2hhMjAtaWV0Zi1wb2x5MTMwNTpmRWxIeWRkcDRzYW1PdW5aMzNybVRo@89.208.103.199:34150/?outline=1',0),(258,136,2,'ss://Y2hhY2hhMjAtaWV0Zi1wb2x5MTMwNTpPUktYTlJMQjNwcXQ5dm1zWEhCUmVW@89.208.103.199:34150/?outline=1',0),(259,137,2,'ss://Y2hhY2hhMjAtaWV0Zi1wb2x5MTMwNTpTWHlRRHZkOFoyUWU3dTdOVzEycU5T@89.208.103.199:34150/?outline=1',0),(260,138,2,'ss://Y2hhY2hhMjAtaWV0Zi1wb2x5MTMwNTo5TEtodTNGTUlWRjVuQzhIQVVIN01T@89.208.103.199:34150/?outline=1',0),(266,176,4,'ss://Y2hhY2hhMjAtaWV0Zi1wb2x5MTMwNTpJNGlBbTRHc3UydjJIMjRPQ001NExD@45.153.69.147:1569/?outline=1',0),(267,177,4,'ss://Y2hhY2hhMjAtaWV0Zi1wb2x5MTMwNTp6cEJnRU1abHMxckJXNkFpNTZWMldl@45.153.69.147:1569/?outline=1',0),(268,178,4,'ss://Y2hhY2hhMjAtaWV0Zi1wb2x5MTMwNToySXJ6bGJCaTBmd3c4RmY1QXVPMnVo@45.153.69.147:1569/?outline=1',0),(269,179,4,'ss://Y2hhY2hhMjAtaWV0Zi1wb2x5MTMwNTpWaHhxQnpIUldabWlvY1Y3NklyT3VZ@45.153.69.147:1569/?outline=1',0),(270,180,4,'ss://Y2hhY2hhMjAtaWV0Zi1wb2x5MTMwNTpnYXdETFJ5aUhWcWYzZFlrVWJvVVRu@45.153.69.147:1569/?outline=1',0),(271,169,5,'ss://Y2hhY2hhMjAtaWV0Zi1wb2x5MTMwNTpCYUJBOHpuRDNpUWpKV3hEREE2R0FK@185.219.134.225:45484/?outline=1',0),(272,170,5,'ss://Y2hhY2hhMjAtaWV0Zi1wb2x5MTMwNToybHljWGljNkRSV0xzM3paNjlBbFR6@185.219.134.225:45484/?outline=1',0),(273,171,5,'ss://Y2hhY2hhMjAtaWV0Zi1wb2x5MTMwNTo5Yk1yTmN0Z1oxMHo5RVZHRDd4RmlG@185.219.134.225:45484/?outline=1',0),(274,172,5,'ss://Y2hhY2hhMjAtaWV0Zi1wb2x5MTMwNTpNeHZJZnBWdXJick9sVFZsdUNjVTM1@185.219.134.225:45484/?outline=1',0),(275,173,5,'ss://Y2hhY2hhMjAtaWV0Zi1wb2x5MTMwNTp2dVNPbjAyc09YeXpzYmxOeFdJUkJ5@185.219.134.225:45484/?outline=1',0),(276,278,1,'ss://Y2hhY2hhMjAtaWV0Zi1wb2x5MTMwNToxT05VZk9OMTNHYTl4Ym12dWkzNTh6@212.118.53.231:10474/?outline=1',1),(277,181,4,'ss://Y2hhY2hhMjAtaWV0Zi1wb2x5MTMwNTpVeUcxczNYU1hIeVF0VTZHZXFzbFNo@45.153.69.147:1569/?outline=1',0),(278,174,5,'ss://Y2hhY2hhMjAtaWV0Zi1wb2x5MTMwNTp0c2I3U3pwYlhLM0FHNzhiV3c0MXVC@185.219.134.225:45484/?outline=1',0),(280,139,2,'ss://Y2hhY2hhMjAtaWV0Zi1wb2x5MTMwNTpnRzNnQ1RxdE9VU2JaMUZQdUo5clBZ@89.208.103.199:34150/?outline=1',0),(282,182,4,'ss://Y2hhY2hhMjAtaWV0Zi1wb2x5MTMwNTpBbFlIcDlqRmdBWXdiUzg3R3Zqek5h@45.153.69.147:1569/?outline=1',0),(283,175,5,'ss://Y2hhY2hhMjAtaWV0Zi1wb2x5MTMwNTpDWnhleXFCd0dvNURMUDRvM2pSQ2Fw@185.219.134.225:45484/?outline=1',0),(284,279,1,'ss://Y2hhY2hhMjAtaWV0Zi1wb2x5MTMwNTpHcGE4MnUyWExQV2J4Unh5Y3k0MENy@212.118.53.231:10474/?outline=1',1),(287,183,4,'ss://Y2hhY2hhMjAtaWV0Zi1wb2x5MTMwNTo5bFhqa1ZXWUQ0UkIydjR0TGlsZmRu@45.153.69.147:1569/?outline=1',0),(288,184,4,'ss://Y2hhY2hhMjAtaWV0Zi1wb2x5MTMwNTp3N040elBpb1d3U1pXcGNpbkVMY0Vy@45.153.69.147:1569/?outline=1',0),(289,176,5,'ss://Y2hhY2hhMjAtaWV0Zi1wb2x5MTMwNTpDRXE4WnVaYUhWSmlzdjNJdzh3bUk4@185.219.134.225:45484/?outline=1',0),(290,177,5,'ss://Y2hhY2hhMjAtaWV0Zi1wb2x5MTMwNTpBeUhSYnNzN09jVnBkRE1RNHNOYjFw@185.219.134.225:45484/?outline=1',0),(292,185,4,'ss://Y2hhY2hhMjAtaWV0Zi1wb2x5MTMwNTpDajcwWWJKaWdPY3Q2UkxiVkdkUmVo@45.153.69.147:1569/?outline=1',0),(293,178,5,'ss://Y2hhY2hhMjAtaWV0Zi1wb2x5MTMwNTpmeWdwUnJxRTRQbEo5cGFNdFlocWlh@185.219.134.225:45484/?outline=1',0),(294,280,1,'ss://Y2hhY2hhMjAtaWV0Zi1wb2x5MTMwNTo0OVZXeVFMeDlKS0FZNHk3c056eU5x@212.118.53.231:10474/?outline=1',1),(295,281,1,'ss://Y2hhY2hhMjAtaWV0Zi1wb2x5MTMwNTpJZTlxVHRpOTlIeEV3QUZWT1ZldkNi@212.118.53.231:10474/?outline=1',1),(296,282,1,'ss://Y2hhY2hhMjAtaWV0Zi1wb2x5MTMwNTpLdlNMcDF5ZVByWUxCeWZBc0ozQlQ2@212.118.53.231:10474/?outline=1',0),(297,283,1,'ss://Y2hhY2hhMjAtaWV0Zi1wb2x5MTMwNTo0S0x0aWFjYnBMbzJCekp0TGdYT1FG@212.118.53.231:10474/?outline=1',0),(298,284,1,'ss://Y2hhY2hhMjAtaWV0Zi1wb2x5MTMwNTpoT1p0Z0pkUFR5ejhJSnhES0pCR1Zz@212.118.53.231:10474/?outline=1',0),(299,285,1,'ss://Y2hhY2hhMjAtaWV0Zi1wb2x5MTMwNTpWeVdCM0d3Z1Bjc2FMY3JYWXJWeGlo@212.118.53.231:10474/?outline=1',0),(300,286,1,'ss://Y2hhY2hhMjAtaWV0Zi1wb2x5MTMwNTpWZnZuVm9IcWlOY3dXY3FpUzN4dGZH@212.118.53.231:10474/?outline=1',0),(301,287,1,'ss://Y2hhY2hhMjAtaWV0Zi1wb2x5MTMwNTp5QWViVUFzbm1TejJCMGFtaEljWjgw@212.118.53.231:10474/?outline=1',0),(302,288,1,'ss://Y2hhY2hhMjAtaWV0Zi1wb2x5MTMwNTpRWmZ4UkRBRnhvR0hqSVdhNTdGc0FL@212.118.53.231:10474/?outline=1',0),(303,289,1,'ss://Y2hhY2hhMjAtaWV0Zi1wb2x5MTMwNTptMlBzZ2JWU2NiRFU4UzRSMGlZMlgz@212.118.53.231:10474/?outline=1',0),(304,290,1,'ss://Y2hhY2hhMjAtaWV0Zi1wb2x5MTMwNTpqcFJBODRWcjlHUWFYSFk3QzFpcjBo@212.118.53.231:10474/?outline=1',0),(305,291,1,'ss://Y2hhY2hhMjAtaWV0Zi1wb2x5MTMwNTpXUXF0ZUkzQjRWU0g4M2hldk1LSGxN@212.118.53.231:10474/?outline=1',0),(306,292,1,'ss://Y2hhY2hhMjAtaWV0Zi1wb2x5MTMwNTpjOUJNR2twWXFXQ1hyR0h0b29hWnZW@212.118.53.231:10474/?outline=1',0),(307,293,1,'ss://Y2hhY2hhMjAtaWV0Zi1wb2x5MTMwNTpRRk5KZ2NHQ3BCVUdKQk0zdXZIZ2lR@212.118.53.231:10474/?outline=1',0),(308,294,1,'ss://Y2hhY2hhMjAtaWV0Zi1wb2x5MTMwNTpWZDh1S3JqV2NObEExZDVpb0Z5Z2R0@212.118.53.231:10474/?outline=1',0),(309,295,1,'ss://Y2hhY2hhMjAtaWV0Zi1wb2x5MTMwNTpEYzk4emZxd2RYRnJpY0tjZXM2WG1l@212.118.53.231:10474/?outline=1',0),(310,296,1,'ss://Y2hhY2hhMjAtaWV0Zi1wb2x5MTMwNTpXRnlxNGxsemdTQ1JYNnQxQk9qUVdt@212.118.53.231:10474/?outline=1',0),(311,297,1,'ss://Y2hhY2hhMjAtaWV0Zi1wb2x5MTMwNTpUN0RnVnhpTGdxYVYzZkZycHBrNDFH@212.118.53.231:10474/?outline=1',0),(312,140,2,'ss://Y2hhY2hhMjAtaWV0Zi1wb2x5MTMwNTpPWmpsZ0VHeTBsa203c0NublR2QnhH@89.208.103.199:34150/?outline=1',0),(313,141,2,'ss://Y2hhY2hhMjAtaWV0Zi1wb2x5MTMwNTpQbHdrc1BCdnAyNWhPN1J2dHlsc0po@89.208.103.199:34150/?outline=1',0),(314,142,2,'ss://Y2hhY2hhMjAtaWV0Zi1wb2x5MTMwNTpQWEZNdFE5ZnJWSE1QelhHdHFHTkNT@89.208.103.199:34150/?outline=1',0),(315,143,2,'ss://Y2hhY2hhMjAtaWV0Zi1wb2x5MTMwNTpzWGtoQlJCUEY1NHV3QzhCUVBURnJo@89.208.103.199:34150/?outline=1',0),(316,144,2,'ss://Y2hhY2hhMjAtaWV0Zi1wb2x5MTMwNTpsSTVpaUlLbVl0WTBjNWd0ZlpHcFRC@89.208.103.199:34150/?outline=1',0),(317,145,2,'ss://Y2hhY2hhMjAtaWV0Zi1wb2x5MTMwNTpQVHFxQkF4QUNpZmtFYVdDdkM0RUw0@89.208.103.199:34150/?outline=1',0),(318,146,2,'ss://Y2hhY2hhMjAtaWV0Zi1wb2x5MTMwNTpFWFZxa09oVXM1N0R1WTRnajlEcGNN@89.208.103.199:34150/?outline=1',0),(319,147,2,'ss://Y2hhY2hhMjAtaWV0Zi1wb2x5MTMwNTpKMVF6WTlxQ2ZKZXAyd0gxaGtNdzlI@89.208.103.199:34150/?outline=1',0),(320,148,2,'ss://Y2hhY2hhMjAtaWV0Zi1wb2x5MTMwNTpGU1VsaXB3Y1VxSHpnSzh5M2VRWURi@89.208.103.199:34150/?outline=1',0),(321,149,2,'ss://Y2hhY2hhMjAtaWV0Zi1wb2x5MTMwNTpkTmdsNm1vM0J0TWl4SG5FemMzTEZa@89.208.103.199:34150/?outline=1',0),(322,150,2,'ss://Y2hhY2hhMjAtaWV0Zi1wb2x5MTMwNTpuMUxSck05WDByZ1FCT0RPaHEzaDB0@89.208.103.199:34150/?outline=1',0),(323,151,2,'ss://Y2hhY2hhMjAtaWV0Zi1wb2x5MTMwNTpTUWZPQ3R6blZUcU50SXBNMzdkR1pz@89.208.103.199:34150/?outline=1',0),(324,152,2,'ss://Y2hhY2hhMjAtaWV0Zi1wb2x5MTMwNTpuN0FsN1dwU3Boc0M3OUJRZXhJUkRz@89.208.103.199:34150/?outline=1',0),(325,153,2,'ss://Y2hhY2hhMjAtaWV0Zi1wb2x5MTMwNTpjdnYzYVlPb3NvWFk1QVE0bTFEb0tr@89.208.103.199:34150/?outline=1',0),(326,154,2,'ss://Y2hhY2hhMjAtaWV0Zi1wb2x5MTMwNTo2bXVvS2JucG4xYTNZWlFwZFBZdExR@89.208.103.199:34150/?outline=1',0),(327,155,2,'ss://Y2hhY2hhMjAtaWV0Zi1wb2x5MTMwNTpTYmhYZFFNYlhhNXF5NTE3S3cyMnZj@89.208.103.199:34150/?outline=1',1),(329,186,4,'ss://Y2hhY2hhMjAtaWV0Zi1wb2x5MTMwNTpnS0VZV1lCbHZWYTMxZHhvMGlibmNt@45.153.69.147:1569/?outline=1',0),(330,187,4,'ss://Y2hhY2hhMjAtaWV0Zi1wb2x5MTMwNTpxTGR6NGNEa0dweVNUSFJ3c1RJYzhF@45.153.69.147:1569/?outline=1',0),(331,188,4,'ss://Y2hhY2hhMjAtaWV0Zi1wb2x5MTMwNTp3OEx1NWFPREVMVVZyaWQ1NVFCdGdo@45.153.69.147:1569/?outline=1',0),(332,179,5,'ss://Y2hhY2hhMjAtaWV0Zi1wb2x5MTMwNTo1a0RhS3ZLaEhieGRJR3pLMVhBOEM5@185.219.134.225:45484/?outline=1',0),(333,156,2,'ss://Y2hhY2hhMjAtaWV0Zi1wb2x5MTMwNTplN2xpMmZpRHFZeklacExGN2dtdDQ3@89.208.103.199:34150/?outline=1',1),(334,298,1,'ss://Y2hhY2hhMjAtaWV0Zi1wb2x5MTMwNTpSTGo0aTVHTjRjQURkbHcwb3QycDll@212.118.53.231:10474/?outline=1',0),(335,157,2,'ss://Y2hhY2hhMjAtaWV0Zi1wb2x5MTMwNTp6YWtxVXl4QzRSbVhOV2hnZnQ3bWxm@89.208.103.199:34150/?outline=1',0),(336,299,1,'ss://Y2hhY2hhMjAtaWV0Zi1wb2x5MTMwNTpnQjRVNEtUQk9rQW9MeWd2RHRBWTBX@212.118.53.231:10474/?outline=1',0),(337,158,2,'ss://Y2hhY2hhMjAtaWV0Zi1wb2x5MTMwNTpSWEhXeTZ1YmhmMHpoV2o4WGg2Q1lZ@89.208.103.199:34150/?outline=1',1),(338,180,5,'ss://Y2hhY2hhMjAtaWV0Zi1wb2x5MTMwNTp3eERmV3Z5YVZlYXBOaXF6S1Bsek5O@185.219.134.225:45484/?outline=1',0),(341,189,4,'ss://Y2hhY2hhMjAtaWV0Zi1wb2x5MTMwNTpKcHVZcHd5TnBQWEtmNDQ4VVpNZUZn@45.153.69.147:1569/?outline=1',0),(342,159,2,'ss://Y2hhY2hhMjAtaWV0Zi1wb2x5MTMwNTptcjZoZnRUT2tzbDJqSzc5RUdOV1p3@89.208.103.199:34150/?outline=1',1),(343,300,1,'ss://Y2hhY2hhMjAtaWV0Zi1wb2x5MTMwNTo5SEptSTJLWnRJcFlsMWhtWklCbEJt@212.118.53.231:10474/?outline=1',0),(344,160,2,'ss://Y2hhY2hhMjAtaWV0Zi1wb2x5MTMwNTpTdVJCTDE0ZWdTaEkyQ1JaNkdFbXJD@89.208.103.199:34150/?outline=1',1),(345,301,1,'ss://Y2hhY2hhMjAtaWV0Zi1wb2x5MTMwNTphUmJldlNoVnFCOWMwVmpneFoyWVZN@212.118.53.231:10474/?outline=1',0),(346,161,2,'ss://Y2hhY2hhMjAtaWV0Zi1wb2x5MTMwNTpjckZNR2FYdm9uZWNzQVRMeFZuMXZG@89.208.103.199:34150/?outline=1',1),(347,181,5,'ss://Y2hhY2hhMjAtaWV0Zi1wb2x5MTMwNTpZMU5GWkJkd2g1SmN2V2pKbThmNFI5@185.219.134.225:45484/?outline=1',0),(350,190,4,'ss://Y2hhY2hhMjAtaWV0Zi1wb2x5MTMwNTpGWjhZSVVVSmh5dUFqV1FmWXhvZDIy@45.153.69.147:1569/?outline=1',0),(351,182,5,'ss://Y2hhY2hhMjAtaWV0Zi1wb2x5MTMwNTpuZFBoYjJqbHRkQWdES05BUlJmM2w4@185.219.134.225:45484/?outline=1',0),(352,302,1,'ss://Y2hhY2hhMjAtaWV0Zi1wb2x5MTMwNTpjanJUZXk2Y1B2eUFrODdqYmlkd2Q0@212.118.53.231:10474/?outline=1',0),(353,162,2,'ss://Y2hhY2hhMjAtaWV0Zi1wb2x5MTMwNTp3bDdkeTlyT0JpaG1QQjJrbkpNc2hx@89.208.103.199:34150/?outline=1',1),(355,191,4,'ss://Y2hhY2hhMjAtaWV0Zi1wb2x5MTMwNToyZ25EQ2V2aEg0MFQ1SHpUcXNMTEpG@45.153.69.147:1569/?outline=1',0),(356,183,5,'ss://Y2hhY2hhMjAtaWV0Zi1wb2x5MTMwNTpDdnNrdWx5VlhiTzVEQW1RTUZ5MjE0@185.219.134.225:45484/?outline=1',0),(357,163,2,'ss://Y2hhY2hhMjAtaWV0Zi1wb2x5MTMwNTp3dVdzbzFqRFR5dWFpdDRRT28wcnps@89.208.103.199:34150/?outline=1',1),(358,164,2,'ss://Y2hhY2hhMjAtaWV0Zi1wb2x5MTMwNTpmU1BMWHV0enl1TTdiNFdVYklIOTQw@89.208.103.199:34150/?outline=1',1),(360,192,4,'ss://Y2hhY2hhMjAtaWV0Zi1wb2x5MTMwNTpzZk1VSGFuaVlrd29uRWQ2TkFFNnEz@45.153.69.147:1569/?outline=1',0),(361,184,5,'ss://Y2hhY2hhMjAtaWV0Zi1wb2x5MTMwNTpyRkFEM0lidkJzVHdnMlE4alBuRWFx@185.219.134.225:45484/?outline=1',0),(362,165,2,'ss://Y2hhY2hhMjAtaWV0Zi1wb2x5MTMwNTp2M090ckNlYlloMzVRNHkwUm50WXc1@89.208.103.199:34150/?outline=1',1),(363,307,1,'ss://Y2hhY2hhMjAtaWV0Zi1wb2x5MTMwNTowaVlPVXJ6cVJrcUV2QmZ3YzVzRm1r@212.118.53.231:10474/?outline=1',0),(364,166,2,'ss://Y2hhY2hhMjAtaWV0Zi1wb2x5MTMwNTppdTl1c2ROM3NjZms5eXNYMVlMOFJD@89.208.103.199:34150/?outline=1',1),(366,193,4,'ss://Y2hhY2hhMjAtaWV0Zi1wb2x5MTMwNTpnOFNQaDZ1V1BtbmUycHFzcVdPaWow@45.153.69.147:1569/?outline=1',0),(368,194,4,'ss://Y2hhY2hhMjAtaWV0Zi1wb2x5MTMwNTp3aWdNM0RITTV0aXprMzBMSmhCS0FM@45.153.69.147:1569/?outline=1',0),(369,185,5,'ss://Y2hhY2hhMjAtaWV0Zi1wb2x5MTMwNTpoS3lvblVqS0FqSFdmaXNxRUZYVzFm@185.219.134.225:45484/?outline=1',0),(370,308,1,'ss://Y2hhY2hhMjAtaWV0Zi1wb2x5MTMwNTpUZ0preXVTUXpHeFZjQ1lxVXVmY2lq@212.118.53.231:10474/?outline=1',0),(371,167,2,'ss://Y2hhY2hhMjAtaWV0Zi1wb2x5MTMwNTpkTDBIUlRFYUJLQzRQN0VZT0NFSGtp@89.208.103.199:34150/?outline=1',1),(372,309,1,'ss://Y2hhY2hhMjAtaWV0Zi1wb2x5MTMwNTp4cklZZHBZcWRCMXlsREZ3TFNoSzRY@212.118.53.231:10474/?outline=1',0),(373,168,2,'ss://Y2hhY2hhMjAtaWV0Zi1wb2x5MTMwNTpvMlc1a1g5UTBNUlhVeEVsR2pBaXVZ@89.208.103.199:34150/?outline=1',1),(374,169,2,'ss://Y2hhY2hhMjAtaWV0Zi1wb2x5MTMwNTphYmJSMDNhbmJCaVh1bWkwR0QwSHJF@89.208.103.199:34150/?outline=1',0),(375,195,4,'ss://Y2hhY2hhMjAtaWV0Zi1wb2x5MTMwNTpyUDFnaEJnZnVBSHNQazlNVlU0cExJ@45.153.69.147:1569/?outline=1',0),(376,186,5,'ss://Y2hhY2hhMjAtaWV0Zi1wb2x5MTMwNTpaTlJSSktDUTBCUTI4YjdhcVJjbEV3@185.219.134.225:45484/?outline=1',0),(377,170,2,'ss://Y2hhY2hhMjAtaWV0Zi1wb2x5MTMwNTpHZlFCeHhEMVN1MkZDWnlrZE1TU3Nm@89.208.103.199:34150/?outline=1',0),(380,196,4,'ss://Y2hhY2hhMjAtaWV0Zi1wb2x5MTMwNTo4a3VROHBNUTA3WG9EYlFUZVZza01I@45.153.69.147:1569/?outline=1',0),(381,187,5,'ss://Y2hhY2hhMjAtaWV0Zi1wb2x5MTMwNTo3cFRHOG1lSDJuNFR3VUQ2a05BbVpV@185.219.134.225:45484/?outline=1',0),(382,310,1,'ss://Y2hhY2hhMjAtaWV0Zi1wb2x5MTMwNTpJZjJUWW5SUWIwZmdxZ1kwT3VCRjBJ@212.118.53.231:10474/?outline=1',0),(383,171,2,'ss://Y2hhY2hhMjAtaWV0Zi1wb2x5MTMwNTpzRW1VZGhqa3BnelQzRHpINjJidEJz@89.208.103.199:34150/?outline=1',0),(384,172,2,'ss://Y2hhY2hhMjAtaWV0Zi1wb2x5MTMwNTo4Q0loVzVMZlNBRVJROTZ5TDZSWXVQ@89.208.103.199:34150/?outline=1',0),(386,197,4,'ss://Y2hhY2hhMjAtaWV0Zi1wb2x5MTMwNTplZzJ3TDF4VFpGZGtKVm90cDF5QmFx@45.153.69.147:1569/?outline=1',0),(387,188,5,'ss://Y2hhY2hhMjAtaWV0Zi1wb2x5MTMwNTpLMkk0MDI2RjladUJNOWVZbmNpM0JV@185.219.134.225:45484/?outline=1',0),(388,173,2,'ss://Y2hhY2hhMjAtaWV0Zi1wb2x5MTMwNTpOMU5rTzl2Mk9kRklDY0ZQYnB0cE9P@89.208.103.199:34150/?outline=1',0),(389,311,1,'ss://Y2hhY2hhMjAtaWV0Zi1wb2x5MTMwNTphN0tSUlFxdng0Q1lsdW9zUjBZRVZU@212.118.53.231:10474/?outline=1',0),(390,174,2,'ss://Y2hhY2hhMjAtaWV0Zi1wb2x5MTMwNTpIOGEzZTFJTzVnSzZRU0RkRjJ5MEhh@89.208.103.199:34150/?outline=1',0),(391,175,2,'ss://Y2hhY2hhMjAtaWV0Zi1wb2x5MTMwNTp5Y2VIaklCYTZ4MGx1eXM0bGUzQjE4@89.208.103.199:34150/?outline=1',0),(392,312,1,'ss://Y2hhY2hhMjAtaWV0Zi1wb2x5MTMwNTo5V0RMU3JIWms4bDBrcVUweFR2SWdx@212.118.53.231:10474/?outline=1',0),(393,176,2,'ss://Y2hhY2hhMjAtaWV0Zi1wb2x5MTMwNTpVUTlVcENQakg3QWlsZlBJbGhEZEJJ@89.208.103.199:34150/?outline=1',0),(394,313,1,'ss://Y2hhY2hhMjAtaWV0Zi1wb2x5MTMwNTpjYmpDV2RoM2NKRGNLUGZ4SnVMTWV5@212.118.53.231:10474/?outline=1',0),(395,177,2,'ss://Y2hhY2hhMjAtaWV0Zi1wb2x5MTMwNTptaG9admlleGRCeWlhdHZDUzhrb2t0@89.208.103.199:34150/?outline=1',0),(396,3,6,'ss://Y2hhY2hhMjAtaWV0Zi1wb2x5MTMwNTpWU2RvTDBhWEVJS1RVR3Bnd1MwdGhS@95.181.173.94:64723/?outline=1',1),(397,4,6,'ss://Y2hhY2hhMjAtaWV0Zi1wb2x5MTMwNToxZzhkVzRkMkJ6RkNDVWlsMjBOcWhL@95.181.173.94:64723/?outline=1',1),(398,5,6,'ss://Y2hhY2hhMjAtaWV0Zi1wb2x5MTMwNTpsOFcxb1R6UG5nd0g5d0lCb0hJaEx1@95.181.173.94:64723/?outline=1',1),(399,6,6,'ss://Y2hhY2hhMjAtaWV0Zi1wb2x5MTMwNTpSdFVyVHA1cE9PSjVwcWhtV3A3eGg4@95.181.173.94:64723/?outline=1',1),(400,7,6,'ss://Y2hhY2hhMjAtaWV0Zi1wb2x5MTMwNTo3dzFCclJpMWc5cnhSeE43MGVFaUk5@95.181.173.94:64723/?outline=1',1),(406,14,6,'ss://Y2hhY2hhMjAtaWV0Zi1wb2x5MTMwNTpFMHZ4Z1Z4TmZtUEtPOXFZOWIzbGJZ@95.181.173.94:64723/?outline=1',1),(407,15,6,'ss://Y2hhY2hhMjAtaWV0Zi1wb2x5MTMwNTppSGROdks3RE5MVHJqSzRNZ0JJZEtn@95.181.173.94:64723/?outline=1',1),(408,16,6,'ss://Y2hhY2hhMjAtaWV0Zi1wb2x5MTMwNToxWEhsUEFENkZHVHFVTHBSalY1WDhF@95.181.173.94:64723/?outline=1',1),(409,17,6,'ss://Y2hhY2hhMjAtaWV0Zi1wb2x5MTMwNTpsREJnb3h4enZCRDRDWUxNcU9NVEM5@95.181.173.94:64723/?outline=1',1),(410,18,6,'ss://Y2hhY2hhMjAtaWV0Zi1wb2x5MTMwNTpsRDN6WHU1U0JpaEpVakhaY2h5c2RV@95.181.173.94:64723/?outline=1',1),(413,21,6,'ss://Y2hhY2hhMjAtaWV0Zi1wb2x5MTMwNTp4VkVXODJNVFkxOEg1YVAxOTlGRGNw@95.181.173.94:64723/?outline=1',1),(416,24,6,'ss://Y2hhY2hhMjAtaWV0Zi1wb2x5MTMwNTpxV2E4YjJOTHhhV2ZsRFJHaGxSd1R4@95.181.173.94:64723/?outline=1',1),(417,25,6,'ss://Y2hhY2hhMjAtaWV0Zi1wb2x5MTMwNTprOW5FdThBUmtGR0JvVmxOWjZ4SUdU@95.181.173.94:64723/?outline=1',1),(418,26,6,'ss://Y2hhY2hhMjAtaWV0Zi1wb2x5MTMwNTppRzhveWxpY05DRTNkVUI0UG01TmNk@95.181.173.94:64723/?outline=1',1),(419,27,6,'ss://Y2hhY2hhMjAtaWV0Zi1wb2x5MTMwNTp2c1BQcmdNY2prY25Ya3ZhdzhxRkVU@95.181.173.94:64723/?outline=1',1),(420,28,6,'ss://Y2hhY2hhMjAtaWV0Zi1wb2x5MTMwNTpTMlRJbWJDemJEaEdrdkhVRnRxckF5@95.181.173.94:64723/?outline=1',1),(421,29,6,'ss://Y2hhY2hhMjAtaWV0Zi1wb2x5MTMwNTpOZlA4dHNabW9WcXB6WUZQdHNSdTlt@95.181.173.94:64723/?outline=1',1),(422,30,6,'ss://Y2hhY2hhMjAtaWV0Zi1wb2x5MTMwNTp5ZFBUa1FTTWhsSVYyMW9uTXJONDll@95.181.173.94:64723/?outline=1',1),(423,31,6,'ss://Y2hhY2hhMjAtaWV0Zi1wb2x5MTMwNTpuZ0xLeWJYZm94UUxDUWFneUVSRFJk@95.181.173.94:64723/?outline=1',1),(424,32,6,'ss://Y2hhY2hhMjAtaWV0Zi1wb2x5MTMwNTpzRXMwWDdOUVJnTnlMaUFZdTVvMHhD@95.181.173.94:64723/?outline=1',1),(425,33,6,'ss://Y2hhY2hhMjAtaWV0Zi1wb2x5MTMwNTpaSHMyWGRXZGE4UEM3bzdscEFGcWVO@95.181.173.94:64723/?outline=1',1),(426,34,6,'ss://Y2hhY2hhMjAtaWV0Zi1wb2x5MTMwNTppS0t2VG5rYTVDcVNHbUFzSWprRmVK@95.181.173.94:64723/?outline=1',0),(427,35,6,'ss://Y2hhY2hhMjAtaWV0Zi1wb2x5MTMwNTpuR25EeXdMWVZoVlJFdmVDTXIycDlG@95.181.173.94:64723/?outline=1',0),(428,36,6,'ss://Y2hhY2hhMjAtaWV0Zi1wb2x5MTMwNTp2MHZvMXoycTA4Y2puT2ZIMVdqM05V@95.181.173.94:64723/?outline=1',0),(429,37,6,'ss://Y2hhY2hhMjAtaWV0Zi1wb2x5MTMwNTpIc2g2Z2VoMUNmaklrbXpBNUZHQW5Y@95.181.173.94:64723/?outline=1',0),(430,38,6,'ss://Y2hhY2hhMjAtaWV0Zi1wb2x5MTMwNTowNzdKcWdGaVB5VGNJY0podVpDTHdy@95.181.173.94:64723/?outline=1',0),(431,39,6,'ss://Y2hhY2hhMjAtaWV0Zi1wb2x5MTMwNToxYjd6WGNPQnNrTE92T2pPdTNTWHZV@95.181.173.94:64723/?outline=1',0),(432,40,6,'ss://Y2hhY2hhMjAtaWV0Zi1wb2x5MTMwNTpGbTF2NXB0MEswS2ZqYTAzc2t6WTA1@95.181.173.94:64723/?outline=1',0),(433,41,6,'ss://Y2hhY2hhMjAtaWV0Zi1wb2x5MTMwNTpMamNPOFZ2T2owTkVhcFMzWWw5WE1D@95.181.173.94:64723/?outline=1',0),(434,42,6,'ss://Y2hhY2hhMjAtaWV0Zi1wb2x5MTMwNTpaVG1UNXVWckJ3TWZ3bmJCZTBVNjFC@95.181.173.94:64723/?outline=1',0),(435,43,6,'ss://Y2hhY2hhMjAtaWV0Zi1wb2x5MTMwNTpwOTJoMHFibVRNQjJtbFZhb2lrTEUy@95.181.173.94:64723/?outline=1',0),(436,44,6,'ss://Y2hhY2hhMjAtaWV0Zi1wb2x5MTMwNTpLRUlldm1YNXJHUk5KY0c5SkFEdW1Z@95.181.173.94:64723/?outline=1',0),(437,45,6,'ss://Y2hhY2hhMjAtaWV0Zi1wb2x5MTMwNTpGZE1rZXQ2M3JjU3pwcjBxVllsSHli@95.181.173.94:64723/?outline=1',0),(438,46,6,'ss://Y2hhY2hhMjAtaWV0Zi1wb2x5MTMwNTo5UE54WWc1RFFXdWtzaWwxb25KdDBB@95.181.173.94:64723/?outline=1',0),(439,47,6,'ss://Y2hhY2hhMjAtaWV0Zi1wb2x5MTMwNTo0T29EdHRCZG9hYmxSdjM5dW05ekla@95.181.173.94:64723/?outline=1',0),(440,48,6,'ss://Y2hhY2hhMjAtaWV0Zi1wb2x5MTMwNTpLU09pR0xBNURtS2xFSzVibDVDMmxo@95.181.173.94:64723/?outline=1',1),(441,49,6,'ss://Y2hhY2hhMjAtaWV0Zi1wb2x5MTMwNTpnSHd4ZktVY1ZsQTV5djZMTVpiclZK@95.181.173.94:64723/?outline=1',1),(442,50,6,'ss://Y2hhY2hhMjAtaWV0Zi1wb2x5MTMwNTppM1Z3cUE3YjFBelljbmtoYTl3SlhP@95.181.173.94:64723/?outline=1',1),(443,51,6,'ss://Y2hhY2hhMjAtaWV0Zi1wb2x5MTMwNTpwODh0cmxQZUliQkpTOHZoUXFwQXVN@95.181.173.94:64723/?outline=1',1),(444,52,6,'ss://Y2hhY2hhMjAtaWV0Zi1wb2x5MTMwNTo2SlBVYUQ2OTM1MEtTSjB6cUpmVTVC@95.181.173.94:64723/?outline=1',1),(445,53,6,'ss://Y2hhY2hhMjAtaWV0Zi1wb2x5MTMwNTpkaXdvSFF1b2hLMEJ6Z3dJcVZ6M0VC@95.181.173.94:64723/?outline=1',1),(446,54,6,'ss://Y2hhY2hhMjAtaWV0Zi1wb2x5MTMwNTpkU0VUbDgza0RyZGxJSXNXUzdKS3JD@95.181.173.94:64723/?outline=1',1),(447,55,6,'ss://Y2hhY2hhMjAtaWV0Zi1wb2x5MTMwNTo4R3FwaWlMOVU4VkJLSGhzYzk5WTA5@95.181.173.94:64723/?outline=1',1),(448,56,6,'ss://Y2hhY2hhMjAtaWV0Zi1wb2x5MTMwNTp6eGluVGgzd243Y2ZMZ1N4cTFnZ1Z2@95.181.173.94:64723/?outline=1',1),(449,57,6,'ss://Y2hhY2hhMjAtaWV0Zi1wb2x5MTMwNToyRnFNSWZoMGpQTDdzTVN2b1hSMWpz@95.181.173.94:64723/?outline=1',1),(450,58,6,'ss://Y2hhY2hhMjAtaWV0Zi1wb2x5MTMwNTpEVlJDQ1FJR1FqMG4wcDVOOG9YTklU@95.181.173.94:64723/?outline=1',1),(451,59,6,'ss://Y2hhY2hhMjAtaWV0Zi1wb2x5MTMwNTpmZEliNGx2VnJyMHRob0x2b3g1cTc2@95.181.173.94:64723/?outline=1',1),(452,60,6,'ss://Y2hhY2hhMjAtaWV0Zi1wb2x5MTMwNTpNeHFxbTViZkoxaTNyaDdqVHVhR1pv@95.181.173.94:64723/?outline=1',1),(453,61,6,'ss://Y2hhY2hhMjAtaWV0Zi1wb2x5MTMwNTpkN1NSYkNWSTRYMzlYQ0NJdkVIbHpq@95.181.173.94:64723/?outline=1',1),(454,62,6,'ss://Y2hhY2hhMjAtaWV0Zi1wb2x5MTMwNTpObWc5V1o5a3g4cU9WTHptcDc4VEVV@95.181.173.94:64723/?outline=1',1),(455,63,6,'ss://Y2hhY2hhMjAtaWV0Zi1wb2x5MTMwNTpCM291aGRFZ3A0R3kzTzNIdVJmT3J4@95.181.173.94:64723/?outline=1',1),(456,65,6,'ss://Y2hhY2hhMjAtaWV0Zi1wb2x5MTMwNTpQVHZMb2ladlZ5UzRjY3lZV2VWbnVh@95.181.173.94:64723/?outline=1',0),(457,67,6,'ss://Y2hhY2hhMjAtaWV0Zi1wb2x5MTMwNTpvNTJZdHBUZFRaTjc0MWVDUXl1TkJi@95.181.173.94:64723/?outline=1',0),(458,198,4,'ss://Y2hhY2hhMjAtaWV0Zi1wb2x5MTMwNTo0ZWlKYzV3aUtOZjFxTUV4T09LRFRJ@45.153.69.147:1569/?outline=1',0),(459,189,5,'ss://Y2hhY2hhMjAtaWV0Zi1wb2x5MTMwNTpYYjhYNmdIYnRXQjZnYW9HTEw2MTNm@185.219.134.225:45484/?outline=1',0),(460,68,6,'ss://Y2hhY2hhMjAtaWV0Zi1wb2x5MTMwNTpXbGdmYnZZaTFOWkJLZWZkSFBaNjhn@95.181.173.94:64723/?outline=1',0),(461,69,6,'ss://Y2hhY2hhMjAtaWV0Zi1wb2x5MTMwNTpjblo1bHdMTmtiUWhKVExLSzNWY0Zy@95.181.173.94:64723/?outline=1',0),(462,70,6,'ss://Y2hhY2hhMjAtaWV0Zi1wb2x5MTMwNTpoZ3N6VGVadXVtQnYyMDlzOUljODVJ@95.181.173.94:64723/?outline=1',1),(463,71,6,'ss://Y2hhY2hhMjAtaWV0Zi1wb2x5MTMwNTpNREE5czdBYmVWSFF2bVpoTXNBemg0@95.181.173.94:64723/?outline=1',0),(464,317,1,'ss://Y2hhY2hhMjAtaWV0Zi1wb2x5MTMwNTpxSWhjR0o0NDdZZEUxbGlIMzBxeTdS@212.118.53.231:10474/?outline=1',0),(465,178,2,'ss://Y2hhY2hhMjAtaWV0Zi1wb2x5MTMwNTpYOTZOZW5WeENJTWZQRGJZaXhJRmNN@89.208.103.199:34150/?outline=1',0),(466,72,6,'ss://Y2hhY2hhMjAtaWV0Zi1wb2x5MTMwNTo3ck00Nk82OHpjbmlueXV6OXRjcm44@95.181.173.94:64723/?outline=1',0),(467,318,1,'ss://Y2hhY2hhMjAtaWV0Zi1wb2x5MTMwNTpHNGlIY1VoVWJHMEM4OGp3NGNraFM0@212.118.53.231:10474/?outline=1',0),(468,199,4,'ss://Y2hhY2hhMjAtaWV0Zi1wb2x5MTMwNTpQRHdhNnFWQ1BrZDZ1dnZIMG1JU0FV@45.153.69.147:1569/?outline=1',0),(469,190,5,'ss://Y2hhY2hhMjAtaWV0Zi1wb2x5MTMwNTpqczhVZWlJQmd4UmJvdXoyZzdrVHRI@185.219.134.225:45484/?outline=1',0),(470,73,6,'ss://Y2hhY2hhMjAtaWV0Zi1wb2x5MTMwNTpYaFh5cEltcUdsWTRodkc1Z0w0RkQw@95.181.173.94:64723/?outline=1',0),(471,179,2,'ss://Y2hhY2hhMjAtaWV0Zi1wb2x5MTMwNTpQWEMxYkozV1dmdE82cjRhNEIxZmlC@89.208.103.199:34150/?outline=1',0),(472,74,6,'ss://Y2hhY2hhMjAtaWV0Zi1wb2x5MTMwNTo4MUZXNlB0UWJ2cFNIcXlSaGRMNzJH@95.181.173.94:64723/?outline=1',0),(473,180,2,'ss://Y2hhY2hhMjAtaWV0Zi1wb2x5MTMwNTpETEpJbVNGTlZwUFhaZEhOZzB6ZHZj@89.208.103.199:34150/?outline=1',0),(474,75,6,'ss://Y2hhY2hhMjAtaWV0Zi1wb2x5MTMwNTpuWTZES0dPOW5qZnBiUlRVMGdCYk1L@95.181.173.94:64723/?outline=1',0),(475,319,1,'ss://Y2hhY2hhMjAtaWV0Zi1wb2x5MTMwNTpKc09JYWR4RjluSWFySmx4VkF0d1RP@212.118.53.231:10474/?outline=1',0),(476,76,6,'ss://Y2hhY2hhMjAtaWV0Zi1wb2x5MTMwNTpiTkQxbXJBQnhVRmZqZHRMM1ZaM29q@95.181.173.94:64723/?outline=1',0),(477,77,6,'ss://Y2hhY2hhMjAtaWV0Zi1wb2x5MTMwNTpBUE5hS0RwNmlZUmdHT0ZPOEFaczln@95.181.173.94:64723/?outline=1',0),(478,320,1,'ss://Y2hhY2hhMjAtaWV0Zi1wb2x5MTMwNTpPSkw3MkpjZUJCaFJ1SkFGMDJlTThM@212.118.53.231:10474/?outline=1',0),(479,321,1,'ss://Y2hhY2hhMjAtaWV0Zi1wb2x5MTMwNTpoUDdsamRVRktyVWRyUVcwS25wZXVH@212.118.53.231:10474/?outline=1',0),(480,200,4,'ss://Y2hhY2hhMjAtaWV0Zi1wb2x5MTMwNTo3QVBKUVMxWUZKRjJCZ25YY1V3S0ZV@45.153.69.147:1569/?outline=1',0),(481,191,5,'ss://Y2hhY2hhMjAtaWV0Zi1wb2x5MTMwNTpPUXJ4VzBMTFV4S2JTTFloaEh4ZG0x@185.219.134.225:45484/?outline=1',0),(482,78,6,'ss://Y2hhY2hhMjAtaWV0Zi1wb2x5MTMwNTplRFpMM2NlVHVvaU9yVzhaMnF5MEgw@95.181.173.94:64723/?outline=1',0),(483,322,1,'ss://Y2hhY2hhMjAtaWV0Zi1wb2x5MTMwNTp2a0hxNzZSbVMzRElPZTQwNGozSHpC@212.118.53.231:10474/?outline=1',0),(484,323,1,'ss://Y2hhY2hhMjAtaWV0Zi1wb2x5MTMwNTpuTGlLeW0ybTVpVXkzbkQ0QWlsWlc5@212.118.53.231:10474/?outline=1',0),(485,181,2,'ss://Y2hhY2hhMjAtaWV0Zi1wb2x5MTMwNTpaYlBDSm92UHRFdXl4bTJJSHVNdjZ5@89.208.103.199:34150/?outline=1',0),(486,79,6,'ss://Y2hhY2hhMjAtaWV0Zi1wb2x5MTMwNTo5Y3VLaVp6ZlRlalpZZndrR1hvRXl3@95.181.173.94:64723/?outline=1',0),(487,201,4,'ss://Y2hhY2hhMjAtaWV0Zi1wb2x5MTMwNTpQZmM1dUdSVEZwUEJQQUNvUG1rM3NZ@45.153.69.147:1569/?outline=1',0),(488,192,5,'ss://Y2hhY2hhMjAtaWV0Zi1wb2x5MTMwNTptUkhucDU0dEs1ZnBQUVZXV2FqUjha@185.219.134.225:45484/?outline=1',0),(489,80,6,'ss://Y2hhY2hhMjAtaWV0Zi1wb2x5MTMwNTpYeE1ORmpIZGFQOVE0cm1kcExsRWJX@95.181.173.94:64723/?outline=1',0),(490,193,5,'ss://Y2hhY2hhMjAtaWV0Zi1wb2x5MTMwNTpieXpuMjBwY1Fsam5vb2tvc2MxQjV6@185.219.134.225:45484/?outline=1',0),(491,81,6,'ss://Y2hhY2hhMjAtaWV0Zi1wb2x5MTMwNTppS21qNDhzYWpTcWNMUXRJb25pbDRL@95.181.173.94:64723/?outline=1',0),(492,182,2,'ss://Y2hhY2hhMjAtaWV0Zi1wb2x5MTMwNTpSaFozQnVEek1zYXBIZFdhdW1qN1ZT@89.208.103.199:34150/?outline=1',0),(493,82,6,'ss://Y2hhY2hhMjAtaWV0Zi1wb2x5MTMwNTpmbE5BOW44RjhNbkpnY2dnNVdDVW45@95.181.173.94:64723/?outline=1',0),(494,324,1,'ss://Y2hhY2hhMjAtaWV0Zi1wb2x5MTMwNToyekRQbElpbWtnVHYwT0JNZ09Pdldm@212.118.53.231:10474/?outline=1',0),(495,83,6,'ss://Y2hhY2hhMjAtaWV0Zi1wb2x5MTMwNTpZU2xPckIzZzFPQ2luTXpLY1hibmJ2@95.181.173.94:64723/?outline=1',0),(496,325,1,'ss://Y2hhY2hhMjAtaWV0Zi1wb2x5MTMwNTpoUXZFR3dmYVIycGpkUDlxVU9YbGJ6@212.118.53.231:10474/?outline=1',0),(497,183,2,'ss://Y2hhY2hhMjAtaWV0Zi1wb2x5MTMwNTppOERvZm1XUzJjVFNNcnF2UjhyRHRO@89.208.103.199:34150/?outline=1',0),(498,84,6,'ss://Y2hhY2hhMjAtaWV0Zi1wb2x5MTMwNTowOVVWN2dsOVRwcDV5Q1VsdWV4SEdM@95.181.173.94:64723/?outline=1',0),(499,85,6,'ss://Y2hhY2hhMjAtaWV0Zi1wb2x5MTMwNTpNQ0NHd1VPTVFWMjVlQUNNeVBSRTNL@95.181.173.94:64723/?outline=1',0),(500,202,4,'ss://Y2hhY2hhMjAtaWV0Zi1wb2x5MTMwNTpOM29HRVBpZFRiSlZURkxQeUtPUnln@45.153.69.147:1569/?outline=1',0),(501,194,5,'ss://Y2hhY2hhMjAtaWV0Zi1wb2x5MTMwNTpwUkNaUzMxUG9ySmlWV3VsYVlxQTQw@185.219.134.225:45484/?outline=1',0),(502,86,6,'ss://Y2hhY2hhMjAtaWV0Zi1wb2x5MTMwNTpTZnZaNThzdVA3RHdueVV1NDJ1OW1B@95.181.173.94:64723/?outline=1',0),(503,184,2,'ss://Y2hhY2hhMjAtaWV0Zi1wb2x5MTMwNTp3aXRFWEFTcmlGNktodmNMMUlxVFh6@89.208.103.199:34150/?outline=1',0),(504,87,6,'ss://Y2hhY2hhMjAtaWV0Zi1wb2x5MTMwNTpZYXduTTREQTlzZEFMdkkwMXB0TFVh@95.181.173.94:64723/?outline=1',0),(505,203,4,'ss://Y2hhY2hhMjAtaWV0Zi1wb2x5MTMwNTpzSzI2Um5vTTd6OEQxY3RDVVViNWV1@45.153.69.147:1569/?outline=1',0),(506,88,6,'ss://Y2hhY2hhMjAtaWV0Zi1wb2x5MTMwNTpDM00xSTg4MjZYMjlmbkdac2I2WXo3@95.181.173.94:64723/?outline=1',0),(507,185,2,'ss://Y2hhY2hhMjAtaWV0Zi1wb2x5MTMwNTpjYVRuQW9Ia1d3R0d6Q0szTEhycEpX@89.208.103.199:34150/?outline=1',0),(508,89,6,'ss://Y2hhY2hhMjAtaWV0Zi1wb2x5MTMwNTphZGU0UTJnckM5eGZpYURmamlLYkpp@95.181.173.94:64723/?outline=1',0),(509,326,1,'ss://Y2hhY2hhMjAtaWV0Zi1wb2x5MTMwNTphQ1ZMTU9kMFRSWGpOOFBRWFJoeFFl@212.118.53.231:10474/?outline=1',0),(510,195,5,'ss://Y2hhY2hhMjAtaWV0Zi1wb2x5MTMwNTp0VU5qb2JONHZhYWUwdnA0Q0FFTTB2@185.219.134.225:45484/?outline=1',0),(511,90,6,'ss://Y2hhY2hhMjAtaWV0Zi1wb2x5MTMwNTpvNVdUTFlicGVCODBNVXZzcWtQWksz@95.181.173.94:64723/?outline=1',0),(512,327,1,'ss://Y2hhY2hhMjAtaWV0Zi1wb2x5MTMwNTo2TmVvRE4zclp0UHQxUWtiSzI3Ulo3@212.118.53.231:10474/?outline=1',0),(513,328,1,'ss://Y2hhY2hhMjAtaWV0Zi1wb2x5MTMwNTpERXZYUGduNFV0T3dhTzR2RjhoV1NF@212.118.53.231:10474/?outline=1',0),(514,329,1,'ss://Y2hhY2hhMjAtaWV0Zi1wb2x5MTMwNTpGOVJxZ09WVzZQWWlmenZaemx6ZXB5@212.118.53.231:10474/?outline=1',0),(515,186,2,'ss://Y2hhY2hhMjAtaWV0Zi1wb2x5MTMwNTpNV0c3elZPYTZ3eVRrY1JRUFhiU0ZC@89.208.103.199:34150/?outline=1',0),(516,91,6,'ss://Y2hhY2hhMjAtaWV0Zi1wb2x5MTMwNTpDakJ6NHZ2SEExeVF3TURXV1VuZmlU@95.181.173.94:64723/?outline=1',0),(517,330,1,'ss://Y2hhY2hhMjAtaWV0Zi1wb2x5MTMwNTpWaENqQVBYbGRVZk82Vjl0dFYxZEFC@212.118.53.231:10474/?outline=1',0),(518,187,2,'ss://Y2hhY2hhMjAtaWV0Zi1wb2x5MTMwNTo2RGJxeXdQaDlBVmJmUjZQVDRPeGtF@89.208.103.199:34150/?outline=1',0),(519,92,6,'ss://Y2hhY2hhMjAtaWV0Zi1wb2x5MTMwNTpubXFJeTNMS1ExVmNDNFg3N2NCNlNt@95.181.173.94:64723/?outline=1',0),(520,204,4,'ss://Y2hhY2hhMjAtaWV0Zi1wb2x5MTMwNTpYY1dqdFJnTXRHcXo1UjBVY2E5cUFW@45.153.69.147:1569/?outline=1',0),(521,196,5,'ss://Y2hhY2hhMjAtaWV0Zi1wb2x5MTMwNTpBaUVOUzNHaFFZamJhbGtFUVJzRG5w@185.219.134.225:45484/?outline=1',0),(522,93,6,'ss://Y2hhY2hhMjAtaWV0Zi1wb2x5MTMwNTp6TFlkMXZuUDZZZmRiOEtwMGpCaUdU@95.181.173.94:64723/?outline=1',0),(523,331,1,'ss://Y2hhY2hhMjAtaWV0Zi1wb2x5MTMwNTpncmxOc29GODNrbHJRU3NRbWJ1VmxG@212.118.53.231:10474/?outline=1',0),(524,188,2,'ss://Y2hhY2hhMjAtaWV0Zi1wb2x5MTMwNTpmT21lMUp3cU13cE16WU9zYUJqZ00x@89.208.103.199:34150/?outline=1',0),(525,94,6,'ss://Y2hhY2hhMjAtaWV0Zi1wb2x5MTMwNTpEeGNnMzAwaEV1OHhDYTJBM1FuVnJw@95.181.173.94:64723/?outline=1',0),(526,205,4,'ss://Y2hhY2hhMjAtaWV0Zi1wb2x5MTMwNTpxMjdqaHZTYmFLSUs4ZHN0RW5KUm9i@45.153.69.147:1569/?outline=1',0),(527,197,5,'ss://Y2hhY2hhMjAtaWV0Zi1wb2x5MTMwNTpYUHBCYUJmclpyZ2xRdmZBMk1MTUFU@185.219.134.225:45484/?outline=1',0),(528,95,6,'ss://Y2hhY2hhMjAtaWV0Zi1wb2x5MTMwNToxeGE1SzZ5d1ZqUUg0bzJTZklQeGxF@95.181.173.94:64723/?outline=1',0),(529,332,1,'ss://Y2hhY2hhMjAtaWV0Zi1wb2x5MTMwNTpuc3NIbW4wMWREa3k2UzVpTk5OdlJE@212.118.53.231:10474/?outline=1',0),(530,189,2,'ss://Y2hhY2hhMjAtaWV0Zi1wb2x5MTMwNTpFZHV5ZDRSa1dQUkZYOXNVV1dOWTBp@89.208.103.199:34150/?outline=1',0),(531,96,6,'ss://Y2hhY2hhMjAtaWV0Zi1wb2x5MTMwNTpkYU1RRng0WTQ4bWtwMHl5b0xpa0xp@95.181.173.94:64723/?outline=1',0),(532,206,4,'ss://Y2hhY2hhMjAtaWV0Zi1wb2x5MTMwNTpjRWJMRkJBRUZwMHViWjVTUmpQS05y@45.153.69.147:1569/?outline=1',0),(533,198,5,'ss://Y2hhY2hhMjAtaWV0Zi1wb2x5MTMwNTpmOVlNV3YxMUxIOWNjMjhtWE13alVa@185.219.134.225:45484/?outline=1',0),(534,97,6,'ss://Y2hhY2hhMjAtaWV0Zi1wb2x5MTMwNTpYbmNaS3hrTmVaaFFDdVhDbEM0dWNK@95.181.173.94:64723/?outline=1',0),(535,333,1,'ss://Y2hhY2hhMjAtaWV0Zi1wb2x5MTMwNTo3NGhiMVlXTUczQjZ5TTBid2FqdnVC@212.118.53.231:10474/?outline=1',0),(536,334,1,'ss://Y2hhY2hhMjAtaWV0Zi1wb2x5MTMwNTpGdDYwR1ZCZEpUeklCZXVlOGdCeWlS@212.118.53.231:10474/?outline=1',0),(537,335,1,'ss://Y2hhY2hhMjAtaWV0Zi1wb2x5MTMwNTppVTNLSjNROGRxS0FyZGJOWWJjRk56@212.118.53.231:10474/?outline=1',0),(538,336,1,'ss://Y2hhY2hhMjAtaWV0Zi1wb2x5MTMwNTo5Z28zaWY0dzI1eldXajJKQjB6TlY3@212.118.53.231:10474/?outline=1',0),(539,337,1,'ss://Y2hhY2hhMjAtaWV0Zi1wb2x5MTMwNTpPdll4cW0yQjVLYkx0N2s3ck14SVBz@212.118.53.231:10474/?outline=1',0),(540,338,1,'ss://Y2hhY2hhMjAtaWV0Zi1wb2x5MTMwNTpTZWVTWXRZdVhBb3VrdDVlZ0xaTGVU@212.118.53.231:10474/?outline=1',0),(541,207,4,'ss://Y2hhY2hhMjAtaWV0Zi1wb2x5MTMwNTpKR2tsUzVFUFdYWGhta0pWYVd5Y25R@45.153.69.147:1569/?outline=1',0),(542,199,5,'ss://Y2hhY2hhMjAtaWV0Zi1wb2x5MTMwNTpnRm80WDZKMFFzZWZvY2prZ0pRWlpT@185.219.134.225:45484/?outline=1',0),(543,98,6,'ss://Y2hhY2hhMjAtaWV0Zi1wb2x5MTMwNTpVVDJqTm5LanRHMDZmbml5ZWJDczhB@95.181.173.94:64723/?outline=1',0),(544,200,5,'ss://Y2hhY2hhMjAtaWV0Zi1wb2x5MTMwNTo2NzBIOVNoRFhQSm9xM3VKcXJTdWVG@185.219.134.225:45484/?outline=1',0),(545,99,6,'ss://Y2hhY2hhMjAtaWV0Zi1wb2x5MTMwNTpWSjBZQkIxUElCTlFxTlY0RnZPNTJ6@95.181.173.94:64723/?outline=1',0),(546,339,1,'ss://Y2hhY2hhMjAtaWV0Zi1wb2x5MTMwNTpiYU4zZExldTB2M3laZ0xnUjJwTnVr@212.118.53.231:10474/?outline=1',0),(547,340,1,'ss://Y2hhY2hhMjAtaWV0Zi1wb2x5MTMwNTphaHlRYjZlbHBmSmp2YVFzcFdwdmtt@212.118.53.231:10474/?outline=1',0),(548,341,1,'ss://Y2hhY2hhMjAtaWV0Zi1wb2x5MTMwNToxbkd1U3BrbllMbjh2SVU0R0xuYkpN@212.118.53.231:10474/?outline=1',0),(549,190,2,'ss://Y2hhY2hhMjAtaWV0Zi1wb2x5MTMwNTpPY0ZQRThRcm1rRTBkN0Z2dVZXYmNO@89.208.103.199:34150/?outline=1',0),(550,100,6,'ss://Y2hhY2hhMjAtaWV0Zi1wb2x5MTMwNTozdXBNaWhvdERzVk1jVnF5T2pkV2o0@95.181.173.94:64723/?outline=1',0),(551,191,2,'ss://Y2hhY2hhMjAtaWV0Zi1wb2x5MTMwNTpROERkZXJtMDN0Zzl5VFNVRmRkYWYy@89.208.103.199:34150/?outline=1',0),(552,101,6,'ss://Y2hhY2hhMjAtaWV0Zi1wb2x5MTMwNTpBY01VZlVHMUNkaDFoSnV6WWNmMFRT@95.181.173.94:64723/?outline=1',0),(553,192,2,'ss://Y2hhY2hhMjAtaWV0Zi1wb2x5MTMwNTpvNzdGM0xLM1lFVFJhNU5MUUtCUTZ6@89.208.103.199:34150/?outline=1',0),(554,102,6,'ss://Y2hhY2hhMjAtaWV0Zi1wb2x5MTMwNTp6NVpZNE9JQUFneDRzMWdnckVzUkVO@95.181.173.94:64723/?outline=1',0),(555,193,2,'ss://Y2hhY2hhMjAtaWV0Zi1wb2x5MTMwNTpoakZkekMxTzcwRmtma1U4em0zT0ow@89.208.103.199:34150/?outline=1',0),(556,208,4,'ss://Y2hhY2hhMjAtaWV0Zi1wb2x5MTMwNTpibHRGVTg0NUFFaGZHWklvVkpiVksw@45.153.69.147:1569/?outline=1',0),(557,201,5,'ss://Y2hhY2hhMjAtaWV0Zi1wb2x5MTMwNToxS1RyN2lHQWY0TXdKaHVhYzdGYnI2@185.219.134.225:45484/?outline=1',0),(558,103,6,'ss://Y2hhY2hhMjAtaWV0Zi1wb2x5MTMwNTowelE5bHhnWlFOSGV2c1Vrc0pkTlRq@95.181.173.94:64723/?outline=1',0),(559,104,6,'ss://Y2hhY2hhMjAtaWV0Zi1wb2x5MTMwNTp6QndacWo2VE9oN2xvcGtoQUcxeHpB@95.181.173.94:64723/?outline=1',0),(560,194,2,'ss://Y2hhY2hhMjAtaWV0Zi1wb2x5MTMwNTpZenhlSUx0SEVETHM5VG1mNGZ2RGls@89.208.103.199:34150/?outline=1',0),(561,105,6,'ss://Y2hhY2hhMjAtaWV0Zi1wb2x5MTMwNTppOW84R3NzQk5qUTZtaUd6cUlKMEdr@95.181.173.94:64723/?outline=1',0),(562,342,1,'ss://Y2hhY2hhMjAtaWV0Zi1wb2x5MTMwNTpMcUQ2Nm1RNDBXTXpNSnczQjhwOU5B@212.118.53.231:10474/?outline=1',0),(563,343,1,'ss://Y2hhY2hhMjAtaWV0Zi1wb2x5MTMwNTpXWXpRTGZDOXNCNDdNWVY4cVlFUWFK@212.118.53.231:10474/?outline=1',0),(564,344,1,'ss://Y2hhY2hhMjAtaWV0Zi1wb2x5MTMwNTptQVJtSGlmOWUxWnE0R21FZlBIY2dV@212.118.53.231:10474/?outline=1',0),(565,209,4,'ss://Y2hhY2hhMjAtaWV0Zi1wb2x5MTMwNTpFUW9pcXpkSEswTDc2Umh2NGR3b2JX@45.153.69.147:1569/?outline=1',0),(566,202,5,'ss://Y2hhY2hhMjAtaWV0Zi1wb2x5MTMwNTpaajIwcFh4c1I3TGhmbUVlVkZRM25H@185.219.134.225:45484/?outline=1',0),(567,106,6,'ss://Y2hhY2hhMjAtaWV0Zi1wb2x5MTMwNTpSdUkxSWhic2twZmw3OG42N3FTODNa@95.181.173.94:64723/?outline=1',0),(568,195,2,'ss://Y2hhY2hhMjAtaWV0Zi1wb2x5MTMwNTowNVAzemo4QTVWdUdtTU1TTnFuOEFM@89.208.103.199:34150/?outline=1',0),(569,107,6,'ss://Y2hhY2hhMjAtaWV0Zi1wb2x5MTMwNTp5OVVPbDlKRFZxbmJCQnl1UlU5MWV5@95.181.173.94:64723/?outline=1',0),(570,196,2,'ss://Y2hhY2hhMjAtaWV0Zi1wb2x5MTMwNTpCOUprTHhKdkpsc0EzQVJMRmlGUTdY@89.208.103.199:34150/?outline=1',0),(571,108,6,'ss://Y2hhY2hhMjAtaWV0Zi1wb2x5MTMwNTpXa3hDZktTZERmNkgxVk94Mk03MDFX@95.181.173.94:64723/?outline=1',0),(572,345,1,'ss://Y2hhY2hhMjAtaWV0Zi1wb2x5MTMwNTpzek9SbnBEZnFrdXowcmxxakR6YmNx@212.118.53.231:10474/?outline=1',0),(573,346,1,'ss://Y2hhY2hhMjAtaWV0Zi1wb2x5MTMwNTo5VDIyclRPNk1DeXRLZk81RzNIYVlO@212.118.53.231:10474/?outline=1',0),(574,347,1,'ss://Y2hhY2hhMjAtaWV0Zi1wb2x5MTMwNTozMUI3YVhJN0x4RUJCckV5cUM1aFF1@212.118.53.231:10474/?outline=1',0),(575,109,6,'ss://Y2hhY2hhMjAtaWV0Zi1wb2x5MTMwNTplUE4zZXZmT2ZnTllsMnlMT092R2pw@95.181.173.94:64723/?outline=1',0),(576,110,6,'ss://Y2hhY2hhMjAtaWV0Zi1wb2x5MTMwNTpzTHhQMzJYT2VFdWFIMWg4dTU3M0tR@95.181.173.94:64723/?outline=1',0),(577,210,4,'ss://Y2hhY2hhMjAtaWV0Zi1wb2x5MTMwNTpOUFVxMHAxbmNyZ3BSYUJxSFJpNTh1@45.153.69.147:1569/?outline=1',0),(578,203,5,'ss://Y2hhY2hhMjAtaWV0Zi1wb2x5MTMwNTpuRTdyczRWcmdGWnpaWlJiVGpPVkRV@185.219.134.225:45484/?outline=1',0),(579,111,6,'ss://Y2hhY2hhMjAtaWV0Zi1wb2x5MTMwNTpQcXNqVTViUjV1OTBIS0lkUVVrUGtM@95.181.173.94:64723/?outline=1',0),(580,211,4,'ss://Y2hhY2hhMjAtaWV0Zi1wb2x5MTMwNTpzUGxtMUR1djJqTkJoZWYyczk5V0tI@45.153.69.147:1569/?outline=1',0),(581,204,5,'ss://Y2hhY2hhMjAtaWV0Zi1wb2x5MTMwNTpMS0lFaGxaRlRxV01ndzd6dDQ3SWNa@185.219.134.225:45484/?outline=1',0),(582,348,1,'ss://Y2hhY2hhMjAtaWV0Zi1wb2x5MTMwNTpWRllOWG1zNFplYnJXTHJiWEdzeDNk@212.118.53.231:10474/?outline=1',0),(583,112,6,'ss://Y2hhY2hhMjAtaWV0Zi1wb2x5MTMwNTpaVmt2bXREMUo4em9OUGt3NkF4UEJN@95.181.173.94:64723/?outline=1',0);
/*!40000 ALTER TABLE `outline_keys` ENABLE KEYS */;
UNLOCK TABLES;

--
-- Table structure for table `servers`
--

DROP TABLE IF EXISTS `servers`;
/*!40101 SET @saved_cs_client     = @@character_set_client */;
/*!50503 SET character_set_client = utf8mb4 */;
CREATE TABLE `servers` (
  `server_id` int NOT NULL AUTO_INCREMENT,
  `name` varchar(64) NOT NULL,
  `country` varchar(64) NOT NULL,
  PRIMARY KEY (`server_id`)
) ENGINE=InnoDB AUTO_INCREMENT=7 DEFAULT CHARSET=utf8mb4 COLLATE=utf8mb4_0900_ai_ci;
/*!40101 SET character_set_client = @saved_cs_client */;

--
-- Dumping data for table `servers`
--

LOCK TABLES `servers` WRITE;
/*!40000 ALTER TABLE `servers` DISABLE KEYS */;
INSERT INTO `servers` VALUES (1,'Amsterdam','Netherlands'),(2,'Frankfurt','Germany'),(3,'Almaty','Kazakhstan'),(4,'Piter','Russia'),(5,'Stambul','Turkey'),(6,'Los Angeleg','USA');
/*!40000 ALTER TABLE `servers` ENABLE KEYS */;
UNLOCK TABLES;

--
-- Table structure for table `user_balance_ops`
--

DROP TABLE IF EXISTS `user_balance_ops`;
/*!40101 SET @saved_cs_client     = @@character_set_client */;
/*!50503 SET character_set_client = utf8mb4 */;
CREATE TABLE `user_balance_ops` (
  `user_id` int NOT NULL,
  `opdate` datetime NOT NULL DEFAULT CURRENT_TIMESTAMP,
  `optype` enum('addmoney','payment','correction','bonus') NOT NULL,
  `key_id` int DEFAULT NULL,
  `pay_id` int DEFAULT NULL,
  `amount` int NOT NULL
) ENGINE=InnoDB DEFAULT CHARSET=utf8mb4 COLLATE=utf8mb4_0900_ai_ci;
/*!40101 SET character_set_client = @saved_cs_client */;

--
-- Dumping data for table `user_balance_ops`
--

LOCK TABLES `user_balance_ops` WRITE;
/*!40000 ALTER TABLE `user_balance_ops` DISABLE KEYS */;
INSERT INTO `user_balance_ops` VALUES (1,'2023-08-28 21:38:24','addmoney',NULL,NULL,999999),(1,'2023-08-28 21:38:34','addmoney',NULL,NULL,-810),(7,'2023-08-29 17:24:45','addmoney',NULL,NULL,100000),(7,'2023-08-29 17:25:00','addmoney',NULL,NULL,-810),(8,'2023-08-29 17:26:36','addmoney',NULL,NULL,1000000),(10,'2023-08-31 15:37:27','addmoney',NULL,NULL,1000000),(10,'2023-08-31 15:37:39','addmoney',NULL,NULL,-810),(11,'2023-08-31 15:49:15','addmoney',NULL,NULL,10000),(11,'2023-08-31 18:37:12','addmoney',NULL,NULL,-810),(10,'2023-08-31 18:37:12','bonus',NULL,NULL,162),(11,'2023-08-31 19:05:47','addmoney',NULL,NULL,-405),(10,'2023-08-31 19:05:47','bonus',NULL,NULL,81),(11,'2023-08-31 19:06:08','addmoney',NULL,NULL,-810),(10,'2023-08-31 19:06:08','bonus',NULL,NULL,162),(11,'2023-08-31 19:06:23','addmoney',NULL,NULL,-810),(10,'2023-08-31 19:06:23','bonus',NULL,NULL,162),(11,'2023-08-31 19:45:19','addmoney',NULL,NULL,-405),(10,'2023-08-31 19:45:19','bonus',NULL,NULL,81),(11,'2023-08-31 19:45:50','addmoney',NULL,NULL,-810),(10,'2023-08-31 19:45:50','bonus',NULL,NULL,162),(12,'2023-09-01 13:06:51','addmoney',NULL,NULL,10000000),(12,'2023-09-01 13:08:44','addmoney',NULL,NULL,-810),(11,'2023-09-01 13:08:44','bonus',NULL,NULL,162),(12,'2023-09-01 13:18:27','addmoney',NULL,NULL,-405),(11,'2023-09-01 13:18:27','bonus',NULL,NULL,81),(13,'2023-09-01 13:22:30','addmoney',NULL,NULL,100000),(14,'2023-09-01 13:23:10','addmoney',NULL,NULL,100000),(15,'2023-09-01 20:40:28','addmoney',NULL,NULL,1000000),(15,'2023-09-01 20:42:38','addmoney',NULL,NULL,-810),(11,'2023-09-01 20:42:38','bonus',NULL,NULL,162),(15,'2023-09-01 20:44:28','addmoney',NULL,NULL,-810),(11,'2023-09-01 20:44:28','bonus',NULL,NULL,162),(15,'2023-09-01 21:21:35','addmoney',NULL,NULL,-810),(11,'2023-09-01 21:21:35','bonus',NULL,NULL,162),(15,'2023-09-01 21:21:51','addmoney',NULL,NULL,-810),(11,'2023-09-01 21:21:51','bonus',NULL,NULL,162),(15,'2023-09-01 21:22:04','addmoney',NULL,NULL,-810),(11,'2023-09-01 21:22:04','bonus',NULL,NULL,162),(15,'2023-09-01 21:22:18','addmoney',NULL,NULL,-810),(11,'2023-09-01 21:22:18','bonus',NULL,NULL,162),(15,'2023-09-01 21:22:30','addmoney',NULL,NULL,-810),(11,'2023-09-01 21:22:30','bonus',NULL,NULL,162),(15,'2023-09-01 21:22:42','addmoney',NULL,NULL,-810),(11,'2023-09-01 21:22:42','bonus',NULL,NULL,162),(15,'2023-09-01 21:22:56','addmoney',NULL,NULL,-810),(11,'2023-09-01 21:22:56','bonus',NULL,NULL,162),(15,'2023-09-01 21:23:52','addmoney',NULL,NULL,-810),(11,'2023-09-01 21:23:52','bonus',NULL,NULL,162),(15,'2023-09-01 21:24:14','addmoney',NULL,NULL,-810),(11,'2023-09-01 21:24:14','bonus',NULL,NULL,162),(15,'2023-09-01 21:24:34','addmoney',NULL,NULL,-810),(11,'2023-09-01 21:24:34','bonus',NULL,NULL,162),(15,'2023-09-01 21:24:47','addmoney',NULL,NULL,-810),(11,'2023-09-01 21:24:47','bonus',NULL,NULL,162),(15,'2023-09-01 21:24:56','addmoney',NULL,NULL,-810),(11,'2023-09-01 21:24:56','bonus',NULL,NULL,162),(15,'2023-09-01 21:25:05','addmoney',NULL,NULL,-810),(11,'2023-09-01 21:25:05','bonus',NULL,NULL,162),(15,'2023-09-01 21:25:19','addmoney',NULL,NULL,-810),(11,'2023-09-01 21:25:19','bonus',NULL,NULL,162),(15,'2023-09-01 21:26:23','addmoney',NULL,NULL,-810),(11,'2023-09-01 21:26:23','bonus',NULL,NULL,162),(15,'2023-09-01 21:26:32','addmoney',NULL,NULL,-810),(11,'2023-09-01 21:26:32','bonus',NULL,NULL,162),(15,'2023-09-01 21:26:41','addmoney',NULL,NULL,-810),(11,'2023-09-01 21:26:41','bonus',NULL,NULL,162),(15,'2023-09-01 21:26:50','addmoney',NULL,NULL,-810),(11,'2023-09-01 21:26:50','bonus',NULL,NULL,162),(15,'2023-09-01 21:27:05','addmoney',NULL,NULL,-810),(11,'2023-09-01 21:27:05','bonus',NULL,NULL,162),(15,'2023-09-01 21:27:13','addmoney',NULL,NULL,-810),(11,'2023-09-01 21:27:13','bonus',NULL,NULL,162),(15,'2023-09-01 21:27:30','addmoney',NULL,NULL,-810),(11,'2023-09-01 21:27:30','bonus',NULL,NULL,162),(15,'2023-09-01 21:28:23','addmoney',NULL,NULL,-810),(11,'2023-09-01 21:28:23','bonus',NULL,NULL,162),(15,'2023-09-02 09:20:56','addmoney',NULL,NULL,-810),(11,'2023-09-02 09:20:56','bonus',NULL,NULL,162),(15,'2023-09-02 09:21:10','addmoney',NULL,NULL,-810),(11,'2023-09-02 09:21:10','bonus',NULL,NULL,162),(15,'2023-09-02 09:21:22','addmoney',NULL,NULL,-810),(11,'2023-09-02 09:21:22','bonus',NULL,NULL,162),(15,'2023-09-02 09:21:32','addmoney',NULL,NULL,-810),(11,'2023-09-02 09:21:32','bonus',NULL,NULL,162),(15,'2023-09-02 09:21:42','addmoney',NULL,NULL,-810),(11,'2023-09-02 09:21:42','bonus',NULL,NULL,162),(15,'2023-09-02 09:21:53','addmoney',NULL,NULL,-810),(11,'2023-09-02 09:21:53','bonus',NULL,NULL,162),(15,'2023-09-02 09:22:18','addmoney',NULL,NULL,-810),(11,'2023-09-02 09:22:18','bonus',NULL,NULL,162),(15,'2023-09-02 09:22:27','addmoney',NULL,NULL,-810),(11,'2023-09-02 09:22:27','bonus',NULL,NULL,162),(15,'2023-09-02 09:22:35','addmoney',NULL,NULL,-810),(11,'2023-09-02 09:22:35','bonus',NULL,NULL,162),(15,'2023-09-02 09:22:49','addmoney',NULL,NULL,-810),(11,'2023-09-02 09:22:49','bonus',NULL,NULL,162),(15,'2023-09-02 09:22:57','addmoney',NULL,NULL,-810),(11,'2023-09-02 09:22:57','bonus',NULL,NULL,162),(15,'2023-09-02 09:23:03','addmoney',NULL,NULL,-810),(11,'2023-09-02 09:23:03','bonus',NULL,NULL,162),(15,'2023-09-02 09:23:13','addmoney',NULL,NULL,-810),(11,'2023-09-02 09:23:13','bonus',NULL,NULL,162),(15,'2023-09-02 09:23:33','addmoney',NULL,NULL,-810),(11,'2023-09-02 09:23:33','bonus',NULL,NULL,162),(15,'2023-09-02 09:23:40','addmoney',NULL,NULL,-810),(11,'2023-09-02 09:23:40','bonus',NULL,NULL,162),(15,'2023-09-02 09:23:47','addmoney',NULL,NULL,-810),(11,'2023-09-02 09:23:47','bonus',NULL,NULL,162),(15,'2023-09-02 09:23:54','addmoney',NULL,NULL,-810),(11,'2023-09-02 09:23:54','bonus',NULL,NULL,162),(15,'2023-09-02 09:24:11','addmoney',NULL,NULL,-810),(11,'2023-09-02 09:24:11','bonus',NULL,NULL,162),(15,'2023-09-02 09:24:18','addmoney',NULL,NULL,-810),(11,'2023-09-02 09:24:18','bonus',NULL,NULL,162),(15,'2023-09-02 09:24:25','addmoney',NULL,NULL,-810),(11,'2023-09-02 09:24:25','bonus',NULL,NULL,162),(15,'2023-09-02 09:24:32','addmoney',NULL,NULL,-810),(11,'2023-09-02 09:24:32','bonus',NULL,NULL,162),(15,'2023-09-02 09:24:39','addmoney',NULL,NULL,-810),(11,'2023-09-02 09:24:39','bonus',NULL,NULL,162),(15,'2023-09-02 09:24:46','addmoney',NULL,NULL,-810),(11,'2023-09-02 09:24:46','bonus',NULL,NULL,162),(10,'2023-09-03 18:41:23','addmoney',NULL,NULL,-810),(11,'2023-09-03 19:52:00','addmoney',NULL,NULL,-405),(10,'2023-09-03 19:52:00','bonus',NULL,NULL,81),(11,'2023-09-03 19:53:32','addmoney',NULL,NULL,-149),(10,'2023-09-03 19:53:32','bonus',NULL,NULL,30),(11,'2023-09-03 19:53:49','addmoney',NULL,NULL,-405),(10,'2023-09-03 19:53:49','bonus',NULL,NULL,81),(11,'2023-09-03 19:53:54','addmoney',NULL,NULL,-149),(10,'2023-09-03 19:53:54','bonus',NULL,NULL,30),(11,'2023-09-03 19:54:49','addmoney',NULL,NULL,-810),(10,'2023-09-03 19:54:49','bonus',NULL,NULL,162),(11,'2023-09-03 20:43:00','addmoney',NULL,NULL,-810),(10,'2023-09-03 20:43:00','bonus',NULL,NULL,162),(15,'2023-09-04 13:35:53','addmoney',NULL,NULL,-100000),(10,'2023-09-04 21:25:19','addmoney',NULL,NULL,-810),(11,'2023-09-05 11:27:53','addmoney',NULL,NULL,-149),(10,'2023-09-05 11:27:53','bonus',NULL,NULL,30),(12,'2023-09-06 17:31:53','addmoney',NULL,NULL,-9998785),(11,'2023-09-06 18:48:03','addmoney',NULL,NULL,-149),(10,'2023-09-06 18:48:03','bonus',NULL,NULL,30),(11,'2023-09-06 18:48:13','addmoney',NULL,NULL,-405),(10,'2023-09-06 18:48:13','bonus',NULL,NULL,81),(11,'2023-09-06 19:54:37','addmoney',NULL,NULL,-405),(10,'2023-09-06 19:54:37','bonus',NULL,NULL,81),(11,'2023-09-06 19:54:44','addmoney',NULL,NULL,-269),(10,'2023-09-06 19:54:44','bonus',NULL,NULL,54),(11,'2023-09-06 19:54:52','addmoney',NULL,NULL,-149),(10,'2023-09-06 19:54:52','bonus',NULL,NULL,30),(11,'2023-09-06 19:56:01','addmoney',NULL,NULL,-405),(10,'2023-09-06 19:56:01','bonus',NULL,NULL,81),(11,'2023-09-06 20:00:00','addmoney',NULL,NULL,-149),(10,'2023-09-06 20:00:00','bonus',NULL,NULL,30),(11,'2023-09-06 20:05:57','addmoney',NULL,NULL,-149),(10,'2023-09-06 20:05:57','bonus',NULL,NULL,30),(11,'2023-09-06 20:06:05','addmoney',NULL,NULL,-149),(10,'2023-09-06 20:06:05','bonus',NULL,NULL,30),(11,'2023-09-06 20:06:11','addmoney',NULL,NULL,-405),(10,'2023-09-06 20:06:11','bonus',NULL,NULL,81),(11,'2023-09-07 18:23:24','addmoney',NULL,NULL,-405),(10,'2023-09-07 18:23:24','bonus',NULL,NULL,81),(11,'2023-09-07 19:41:01','addmoney',NULL,NULL,99999),(11,'2023-09-07 19:41:14','addmoney',NULL,NULL,-405),(10,'2023-09-07 19:41:14','bonus',NULL,NULL,81),(11,'2023-09-07 19:41:30','addmoney',NULL,NULL,-149),(10,'2023-09-07 19:41:30','bonus',NULL,NULL,30),(11,'2023-09-07 19:41:43','addmoney',NULL,NULL,-149),(10,'2023-09-07 19:41:43','bonus',NULL,NULL,30),(11,'2023-09-08 20:15:15','addmoney',NULL,NULL,-149),(10,'2023-09-08 20:15:15','bonus',NULL,NULL,30),(11,'2023-09-08 20:16:16','addmoney',NULL,NULL,-149),(10,'2023-09-08 20:16:16','bonus',NULL,NULL,30),(11,'2023-09-08 20:16:27','addmoney',NULL,NULL,-269),(10,'2023-09-08 20:16:27','bonus',NULL,NULL,54),(11,'2023-09-08 20:16:40','addmoney',NULL,NULL,-405),(10,'2023-09-08 20:16:40','bonus',NULL,NULL,81),(11,'2023-09-08 20:16:53','addmoney',NULL,NULL,-810),(10,'2023-09-08 20:16:53','bonus',NULL,NULL,162),(11,'2023-09-08 20:17:06','addmoney',NULL,NULL,-149),(10,'2023-09-08 20:17:06','bonus',NULL,NULL,30),(11,'2023-09-08 20:17:52','addmoney',NULL,NULL,-810),(10,'2023-09-08 20:17:52','bonus',NULL,NULL,162),(11,'2023-09-08 21:29:54','addmoney',NULL,NULL,-269),(10,'2023-09-08 21:29:54','bonus',NULL,NULL,54),(11,'2023-09-08 21:30:03','addmoney',NULL,NULL,-149),(10,'2023-09-08 21:30:03','bonus',NULL,NULL,30),(11,'2023-09-08 21:30:17','addmoney',NULL,NULL,-149),(10,'2023-09-08 21:30:17','bonus',NULL,NULL,30),(11,'2023-09-08 21:34:28','addmoney',NULL,NULL,-149),(10,'2023-09-08 21:34:28','bonus',NULL,NULL,30),(11,'2023-09-08 21:34:45','addmoney',NULL,NULL,-149),(10,'2023-09-08 21:34:45','bonus',NULL,NULL,30),(11,'2023-09-08 23:52:30','addmoney',NULL,NULL,-810),(10,'2023-09-08 23:52:30','bonus',NULL,NULL,162),(10,'2023-09-09 15:58:25','addmoney',NULL,NULL,-149),(11,'2023-09-09 18:06:13','addmoney',NULL,NULL,-405),(10,'2023-09-09 18:06:13','bonus',NULL,NULL,81),(11,'2023-09-09 18:06:18','addmoney',NULL,NULL,-405),(10,'2023-09-09 18:06:18','bonus',NULL,NULL,81),(11,'2023-09-11 14:30:08','addmoney',NULL,NULL,-149),(10,'2023-09-11 14:30:08','bonus',NULL,NULL,30),(11,'2023-09-11 18:16:09','addmoney',NULL,NULL,-810),(10,'2023-09-11 18:16:09','bonus',NULL,NULL,162),(11,'2023-09-11 18:16:16','addmoney',NULL,NULL,-405),(10,'2023-09-11 18:16:16','bonus',NULL,NULL,81),(11,'2023-09-11 18:16:21','addmoney',NULL,NULL,-149),(10,'2023-09-11 18:16:21','bonus',NULL,NULL,30),(11,'2023-09-11 18:28:03','addmoney',NULL,NULL,-149),(10,'2023-09-11 18:28:03','bonus',NULL,NULL,30),(11,'2023-09-11 18:28:30','addmoney',NULL,NULL,-149),(10,'2023-09-11 18:28:30','bonus',NULL,NULL,30),(11,'2023-09-11 18:28:48','addmoney',NULL,NULL,-149),(10,'2023-09-11 18:28:48','bonus',NULL,NULL,30),(11,'2023-09-11 18:29:13','addmoney',NULL,NULL,-149),(10,'2023-09-11 18:29:13','bonus',NULL,NULL,30),(11,'2023-09-11 18:29:23','addmoney',NULL,NULL,-149),(10,'2023-09-11 18:29:23','bonus',NULL,NULL,30),(11,'2023-09-11 18:29:48','addmoney',NULL,NULL,-149),(10,'2023-09-11 18:29:48','bonus',NULL,NULL,30),(11,'2023-09-11 18:30:07','addmoney',NULL,NULL,-149),(10,'2023-09-11 18:30:07','bonus',NULL,NULL,30),(11,'2023-09-11 18:30:21','addmoney',NULL,NULL,-149),(10,'2023-09-11 18:30:21','bonus',NULL,NULL,30),(11,'2023-09-11 18:30:33','addmoney',NULL,NULL,-149),(10,'2023-09-11 18:30:33','bonus',NULL,NULL,30),(11,'2023-09-12 03:48:04','addmoney',NULL,NULL,-149),(10,'2023-09-12 03:48:04','bonus',NULL,NULL,30),(11,'2023-09-12 21:25:17','addmoney',NULL,NULL,-149),(10,'2023-09-12 21:25:17','bonus',NULL,NULL,30),(11,'2023-09-12 21:53:21','addmoney',NULL,NULL,-149),(10,'2023-09-12 21:53:21','bonus',NULL,NULL,30),(11,'2023-09-13 02:45:05','addmoney',NULL,NULL,-149),(10,'2023-09-13 02:45:05','bonus',NULL,NULL,30),(11,'2023-09-13 02:46:41','addmoney',NULL,NULL,-149),(10,'2023-09-13 02:46:41','bonus',NULL,NULL,30),(11,'2023-09-13 02:51:14','addmoney',NULL,NULL,-149),(10,'2023-09-13 02:51:14','bonus',NULL,NULL,30),(11,'2023-09-13 02:52:15','addmoney',NULL,NULL,-269),(10,'2023-09-13 02:52:15','bonus',NULL,NULL,54),(11,'2023-09-13 02:52:27','addmoney',NULL,NULL,-405),(10,'2023-09-13 02:52:27','bonus',NULL,NULL,81),(11,'2023-09-13 02:56:09','addmoney',NULL,NULL,-149),(10,'2023-09-13 02:56:09','bonus',NULL,NULL,30),(11,'2023-09-13 02:57:16','addmoney',NULL,NULL,-149),(10,'2023-09-13 02:57:16','bonus',NULL,NULL,30),(11,'2023-09-13 03:02:59','addmoney',NULL,NULL,-149),(10,'2023-09-13 03:02:59','bonus',NULL,NULL,30),(10,'2023-09-13 20:50:28','addmoney',NULL,NULL,-149),(10,'2023-09-13 21:22:03','addmoney',NULL,NULL,-405),(10,'2023-09-13 21:23:59','addmoney',NULL,NULL,-149),(10,'2023-09-13 21:24:14','addmoney',NULL,NULL,-810),(14,'2023-09-14 18:51:48','addmoney',NULL,NULL,-149),(12,'2023-09-14 18:51:48','bonus',NULL,NULL,30),(11,'2023-09-15 14:10:40','addmoney',NULL,NULL,-149),(10,'2023-09-15 14:10:40','bonus',NULL,NULL,30),(11,'2023-09-15 14:45:48','addmoney',NULL,NULL,-149),(10,'2023-09-15 14:45:48','bonus',NULL,NULL,30),(11,'2023-09-15 14:47:30','addmoney',NULL,NULL,-149),(10,'2023-09-15 14:47:30','bonus',NULL,NULL,30),(11,'2023-09-15 14:57:36','addmoney',NULL,NULL,-149),(10,'2023-09-15 14:57:36','bonus',NULL,NULL,30),(11,'2023-09-15 14:59:22','addmoney',NULL,NULL,-149),(10,'2023-09-15 14:59:22','bonus',NULL,NULL,30),(11,'2023-09-15 14:59:39','addmoney',NULL,NULL,-149),(10,'2023-09-15 14:59:39','bonus',NULL,NULL,30),(11,'2023-09-15 15:00:19','addmoney',NULL,NULL,-269),(10,'2023-09-15 15:00:19','bonus',NULL,NULL,54),(11,'2023-09-15 15:00:26','addmoney',NULL,NULL,-149),(10,'2023-09-15 15:00:26','bonus',NULL,NULL,30),(11,'2023-09-15 15:00:46','addmoney',NULL,NULL,-149),(10,'2023-09-15 15:00:46','bonus',NULL,NULL,30),(11,'2023-09-15 15:02:10','addmoney',NULL,NULL,-149),(10,'2023-09-15 15:02:10','bonus',NULL,NULL,30),(11,'2023-09-15 16:16:37','addmoney',NULL,NULL,-149),(10,'2023-09-15 16:16:37','bonus',NULL,NULL,30),(18,'2023-09-15 17:17:08','addmoney',NULL,NULL,99999),(21,'2023-09-15 18:24:12','addmoney',NULL,NULL,99999),(17,'2023-09-16 15:39:48','addmoney',NULL,NULL,9999),(17,'2023-09-16 15:40:03','addmoney',NULL,NULL,-149),(17,'2023-09-16 15:40:49','addmoney',NULL,NULL,-810),(17,'2023-09-16 17:01:35','addmoney',NULL,NULL,-149),(19,'2023-09-18 23:17:01','addmoney',NULL,NULL,9999),(19,'2023-09-18 23:17:13','addmoney',NULL,NULL,-149),(19,'2023-09-19 19:29:59','addmoney',NULL,NULL,-405),(40,'2023-09-20 12:38:29','addmoney',NULL,NULL,9999),(41,'2023-09-20 12:48:56','addmoney',NULL,NULL,999),(41,'2023-09-20 12:49:04','addmoney',NULL,NULL,-810),(19,'2023-09-20 12:49:04','bonus',NULL,NULL,162),(19,'2023-09-21 17:23:21','addmoney',NULL,NULL,-149),(17,'2023-09-22 11:09:34','addmoney',NULL,NULL,-149),(17,'2023-09-22 11:09:35','addmoney',NULL,NULL,149),(19,'2023-09-22 11:13:07','addmoney',NULL,NULL,-149),(17,'2023-09-24 15:38:05','addmoney',NULL,NULL,-810),(17,'2023-09-24 15:39:46','addmoney',NULL,NULL,-810),(19,'2023-09-25 20:50:25','addmoney',NULL,NULL,-149),(19,'2023-09-25 20:58:45','addmoney',NULL,NULL,-149),(19,'2023-09-29 19:35:04','addmoney',NULL,NULL,10),(19,'2023-09-30 00:19:23','addmoney',NULL,NULL,10),(19,'2023-09-30 00:29:06','addmoney',NULL,NULL,10),(19,'2023-09-30 01:22:35','addmoney',NULL,NULL,10),(19,'2023-09-30 01:26:02','addmoney',NULL,NULL,10),(17,'2023-09-30 13:06:41','addmoney',NULL,NULL,10),(19,'2023-09-30 13:49:45','addmoney',NULL,NULL,10),(19,'2023-09-30 14:10:04','addmoney',NULL,NULL,10),(17,'2023-10-02 22:11:38','addmoney',NULL,NULL,10),(19,'2023-10-02 22:24:02','addmoney',NULL,NULL,10),(65,'2023-10-03 13:48:05','addmoney',NULL,NULL,999),(67,'2023-10-03 13:56:56','addmoney',NULL,NULL,500),(66,'2023-10-03 13:57:13','addmoney',NULL,NULL,500),(64,'2023-10-03 13:57:18','addmoney',NULL,NULL,500),(68,'2023-10-03 13:58:12','addmoney',NULL,NULL,500),(65,'2023-10-03 14:14:55','addmoney',NULL,NULL,100),(67,'2023-10-03 21:17:44','addmoney',NULL,NULL,-269),(71,'2023-10-04 12:45:07','addmoney',NULL,NULL,900),(71,'2023-10-04 12:48:44','addmoney',NULL,NULL,-810),(65,'2023-10-04 21:03:26','addmoney',NULL,NULL,100),(19,'2023-10-06 15:51:56','addmoney',NULL,NULL,-149),(19,'2023-10-06 16:01:17','addmoney',NULL,NULL,-149),(19,'2023-10-06 16:13:48','addmoney',NULL,NULL,-149),(19,'2023-10-06 16:15:29','addmoney',NULL,NULL,-149),(19,'2023-10-06 16:19:57','addmoney',NULL,NULL,-149),(19,'2023-10-06 16:22:01','addmoney',NULL,NULL,-149),(19,'2023-10-06 16:26:38','addmoney',NULL,NULL,-149),(19,'2023-10-06 16:27:45','addmoney',NULL,NULL,-149),(19,'2023-10-06 16:30:15','addmoney',NULL,NULL,-149),(19,'2023-10-06 16:32:40','addmoney',NULL,NULL,-149),(19,'2023-10-06 16:36:30','addmoney',NULL,NULL,-149),(70,'2023-10-07 17:31:15','addmoney',NULL,NULL,150),(70,'2023-10-07 17:31:31','addmoney',NULL,NULL,150),(70,'2023-10-07 17:32:03','addmoney',NULL,NULL,-149),(70,'2023-10-07 17:32:33','addmoney',NULL,NULL,150),(70,'2023-10-07 17:33:32','addmoney',NULL,NULL,150),(70,'2023-10-07 17:34:31','addmoney',NULL,NULL,150),(70,'2023-10-07 17:35:32','addmoney',NULL,NULL,150),(70,'2023-10-07 17:36:32','addmoney',NULL,NULL,150),(70,'2023-10-07 17:37:31','addmoney',NULL,NULL,150),(70,'2023-10-07 17:38:32','addmoney',NULL,NULL,150),(70,'2023-10-07 17:39:32','addmoney',NULL,NULL,150),(70,'2023-10-07 17:40:31','addmoney',NULL,NULL,150),(70,'2023-10-07 17:41:31','addmoney',NULL,NULL,150),(70,'2023-10-07 17:42:32','addmoney',NULL,NULL,150),(70,'2023-10-07 17:43:32','addmoney',NULL,NULL,150),(70,'2023-10-07 17:44:31','addmoney',NULL,NULL,150),(70,'2023-10-07 17:45:32','addmoney',NULL,NULL,150),(70,'2023-10-07 17:46:33','addmoney',NULL,NULL,150),(70,'2023-10-07 17:47:31','addmoney',NULL,NULL,150),(70,'2023-10-07 17:48:32','addmoney',NULL,NULL,150),(70,'2023-10-07 17:49:32','addmoney',NULL,NULL,150),(70,'2023-10-07 17:50:32','addmoney',NULL,NULL,150),(70,'2023-10-07 17:51:32','addmoney',NULL,NULL,150),(70,'2023-10-07 17:52:32','addmoney',NULL,NULL,150),(70,'2023-10-07 17:53:32','addmoney',NULL,NULL,150),(70,'2023-10-07 17:54:33','addmoney',NULL,NULL,150),(70,'2023-10-07 17:55:33','addmoney',NULL,NULL,150),(70,'2023-10-07 17:56:32','addmoney',NULL,NULL,150),(70,'2023-10-07 17:57:33','addmoney',NULL,NULL,150),(70,'2023-10-07 17:58:32','addmoney',NULL,NULL,150),(70,'2023-10-07 17:59:32','addmoney',NULL,NULL,150),(70,'2023-10-07 18:00:33','addmoney',NULL,NULL,150),(70,'2023-10-07 18:01:33','addmoney',NULL,NULL,150),(70,'2023-10-07 18:02:32','addmoney',NULL,NULL,150),(70,'2023-10-07 18:03:33','addmoney',NULL,NULL,150),(70,'2023-10-07 18:04:32','addmoney',NULL,NULL,150),(70,'2023-10-07 18:05:33','addmoney',NULL,NULL,150),(70,'2023-10-07 18:06:32','addmoney',NULL,NULL,150),(70,'2023-10-07 18:07:33','addmoney',NULL,NULL,150),(70,'2023-10-07 18:08:33','addmoney',NULL,NULL,150),(70,'2023-10-07 18:09:33','addmoney',NULL,NULL,150),(70,'2023-10-07 18:10:33','addmoney',NULL,NULL,150),(70,'2023-10-07 18:11:33','addmoney',NULL,NULL,150),(70,'2023-10-07 18:12:12','addmoney',NULL,NULL,-5701),(70,'2023-10-07 18:12:33','addmoney',NULL,NULL,150),(70,'2023-10-07 18:13:35','addmoney',NULL,NULL,150),(70,'2023-10-07 18:14:03','addmoney',NULL,NULL,-450),(70,'2023-10-07 18:14:33','addmoney',NULL,NULL,150),(70,'2023-10-07 18:15:34','addmoney',NULL,NULL,150),(70,'2023-10-07 18:16:34','addmoney',NULL,NULL,150),(70,'2023-10-07 18:17:35','addmoney',NULL,NULL,150),(70,'2023-10-07 18:18:36','addmoney',NULL,NULL,150),(70,'2023-10-07 18:19:34','addmoney',NULL,NULL,150),(70,'2023-10-07 18:20:33','addmoney',NULL,NULL,150),(70,'2023-10-07 18:21:33','addmoney',NULL,NULL,150),(70,'2023-10-07 18:22:34','addmoney',NULL,NULL,150),(70,'2023-10-07 18:23:33','addmoney',NULL,NULL,150),(70,'2023-10-07 18:24:33','addmoney',NULL,NULL,150),(70,'2023-10-07 18:25:33','addmoney',NULL,NULL,150),(70,'2023-10-07 18:26:33','addmoney',NULL,NULL,150),(70,'2023-10-07 18:27:33','addmoney',NULL,NULL,150),(70,'2023-10-07 18:28:34','addmoney',NULL,NULL,150),(70,'2023-10-07 18:29:33','addmoney',NULL,NULL,150),(70,'2023-10-07 18:30:33','addmoney',NULL,NULL,150),(70,'2023-10-07 18:34:15','addmoney',NULL,NULL,1650),(70,'2023-10-07 18:34:25','addmoney',NULL,NULL,-1650),(70,'2023-10-07 18:34:31','addmoney',NULL,NULL,-1650),(70,'2023-10-07 18:34:49','addmoney',NULL,NULL,-1050),(70,'2023-10-07 19:12:17','addmoney',NULL,NULL,255),(17,'2023-10-08 09:38:37','addmoney',NULL,NULL,-149),(19,'2023-10-08 15:28:06','addmoney',NULL,NULL,100),(89,'2023-10-08 15:44:58','addmoney',NULL,NULL,810),(89,'2023-10-08 15:45:35','addmoney',NULL,NULL,-810),(19,'2023-10-09 15:54:02','addmoney',NULL,NULL,100),(19,'2023-10-09 15:55:02','addmoney',NULL,NULL,100),(19,'2023-10-09 15:56:02','addmoney',NULL,NULL,100),(19,'2023-10-09 15:57:02','addmoney',NULL,NULL,100),(19,'2023-10-09 15:58:01','addmoney',NULL,NULL,100),(19,'2023-10-09 22:52:12','addmoney',NULL,NULL,100),(19,'2023-10-10 01:01:03','addmoney',NULL,NULL,100),(19,'2023-10-10 11:33:03','addmoney',NULL,NULL,100),(19,'2023-10-10 11:52:58','addmoney',NULL,NULL,-149),(19,'2023-10-10 11:53:18','addmoney',NULL,NULL,-269),(93,'2023-10-10 13:09:33','addmoney',NULL,NULL,150),(93,'2023-10-10 13:11:07','addmoney',NULL,NULL,-149),(92,'2023-10-10 13:11:07','bonus',NULL,NULL,30),(19,'2023-10-13 23:51:57','addmoney',NULL,NULL,-269),(205,'2023-10-18 14:59:27','addmoney',NULL,NULL,149),(205,'2023-10-18 14:59:39','addmoney',NULL,NULL,-149),(47,'2023-10-18 14:59:39','bonus',NULL,NULL,75),(250,'2023-10-18 19:22:07','addmoney',NULL,NULL,630),(250,'2023-10-18 19:22:41','addmoney',NULL,NULL,-630),(242,'2023-10-18 20:25:35','addmoney',NULL,NULL,610),(242,'2023-10-18 20:27:04','addmoney',NULL,NULL,-380),(193,'2023-10-19 11:42:32','addmoney',NULL,NULL,149),(193,'2023-10-19 11:45:20','addmoney',NULL,NULL,-149),(47,'2023-10-19 11:45:20','bonus',NULL,NULL,75),(19,'2023-10-19 17:13:27','addmoney',NULL,NULL,-149),(242,'2023-10-19 17:18:59','addmoney',NULL,NULL,-610),(271,'2023-10-19 17:20:01','addmoney',NULL,NULL,630),(271,'2023-10-19 17:23:23','addmoney',NULL,NULL,-630),(19,'2023-10-19 19:32:01','addmoney',NULL,NULL,100),(267,'2023-10-20 19:42:41','addmoney',NULL,NULL,630),(267,'2023-10-20 19:58:46','addmoney',NULL,NULL,-630);
/*!40000 ALTER TABLE `user_balance_ops` ENABLE KEYS */;
UNLOCK TABLES;

--
-- Table structure for table `user_keys`
--

DROP TABLE IF EXISTS `user_keys`;
/*!40101 SET @saved_cs_client     = @@character_set_client */;
/*!50503 SET character_set_client = utf8mb4 */;
CREATE TABLE `user_keys` (
  `user_id` int NOT NULL,
  `key_id` int DEFAULT NULL,
  `name` varchar(50) NOT NULL,
  `start_date` datetime NOT NULL,
  `stop_date` datetime NOT NULL,
  UNIQUE KEY `key_id` (`key_id`)
) ENGINE=InnoDB DEFAULT CHARSET=utf8mb4 COLLATE=utf8mb4_0900_ai_ci;
/*!40101 SET character_set_client = @saved_cs_client */;

--
-- Dumping data for table `user_keys`
--

LOCK TABLES `user_keys` WRITE;
/*!40000 ALTER TABLE `user_keys` DISABLE KEYS */;
INSERT INTO `user_keys` VALUES (92,122,' ','2023-09-15 17:26:54','2024-03-29 17:26:54'),(92,136,' 6 ','2023-09-16 15:40:49','2024-03-20 15:40:49'),(92,92,'','2023-09-16 17:01:35','2023-11-17 17:01:35'),(19,137,'Amste','2023-09-18 23:17:14','2023-12-19 23:17:14'),(34,138,' ','2023-09-19 16:52:29','2023-10-03 16:52:29'),(19,61,'tur','2023-09-19 19:30:00','2024-03-21 19:30:00'),(41,3,'jjjj','2023-09-20 12:49:04','2024-03-24 12:49:04'),(43,63,' ','2023-09-21 00:53:29','2023-10-05 00:53:29'),(19,34,'ghfghfgh','2023-09-21 17:23:21','2023-11-22 17:23:21'),(50,95,' ','2023-09-25 17:14:51','2023-10-09 17:14:51'),(19,97,'jjjj','2023-09-25 20:50:26','2023-10-26 20:50:26'),(19,7,'jjj','2023-09-25 20:58:46','2023-10-26 20:58:46'),(67,101,'qweqw','2023-10-03 21:17:44','2023-12-05 21:17:44'),(71,103,'evggermany','2023-10-04 12:48:45','2024-04-05 12:48:45'),(19,396,'12312','2023-10-06 16:36:31','2023-12-06 16:36:31'),(70,397,'USA','2023-10-07 17:32:03','2023-11-07 17:32:03'),(73,43,'','2023-10-07 19:07:41','2023-10-21 19:07:41'),(79,398,'  ','2023-10-07 20:50:30','2023-10-21 20:50:30'),(92,399,'','2023-10-08 09:38:38','2023-11-08 09:38:38'),(89,400,'los','2023-10-08 15:45:36','2024-04-09 15:45:36'),(93,150,'1231','2023-10-10 13:11:07','2023-11-10 13:11:07'),(235,251,' ','2023-10-18 07:25:18','2023-10-21 07:25:18'),(229,252,' ','2023-10-18 11:24:35','2023-10-21 11:24:35'),(239,253,' ','2023-10-18 11:45:07','2023-10-21 11:45:07'),(205,417,'ZAYACARTY','2023-10-18 14:59:40','2023-12-20 14:59:40'),(242,418,'  ','2023-10-18 16:28:12','2024-08-21 16:28:12'),(244,419,'  ','2023-10-18 16:36:07','2023-10-21 16:36:07'),(245,420,'  ','2023-10-18 16:37:37','2023-10-21 16:37:37'),(246,85,' ','2023-10-18 16:38:00','2023-10-21 16:38:00'),(250,119,' ','2023-10-18 19:22:41','2024-05-28 19:22:41'),(242,254,'','2023-10-18 20:27:05','2024-02-19 20:27:05'),(258,255,' ','2023-10-18 23:51:23','2023-10-21 23:51:23'),(261,256,' ','2023-10-19 04:53:54','2023-10-22 04:53:54'),(262,86,' ','2023-10-19 05:49:06','2023-10-22 05:49:06'),(193,120,'  ','2023-10-19 11:45:20','2023-12-21 11:45:20'),(268,153,' ','2023-10-19 12:24:28','2024-03-22 12:24:28'),(271,276,' ','2023-10-19 16:22:42','2023-10-22 16:22:42'),(267,284,' ','2023-10-19 17:19:39','2023-10-22 17:19:39'),(271,294,'Slonovie','2023-10-19 17:23:23','2024-05-29 17:23:23'),(275,423,'  ','2023-10-20 11:16:03','2023-10-23 11:16:03'),(267,424,' 1','2023-10-20 19:58:47','2024-05-30 19:58:47'),(277,57,'','2023-10-20 22:45:03','2023-10-23 22:45:03'),(280,295,' ','2023-10-21 00:46:27','2023-10-24 00:46:27'),(279,425,'  ','2023-10-21 00:55:15','2023-10-24 00:55:15');
/*!40000 ALTER TABLE `user_keys` ENABLE KEYS */;
UNLOCK TABLES;

--
-- Table structure for table `users`
--

DROP TABLE IF EXISTS `users`;
/*!40101 SET @saved_cs_client     = @@character_set_client */;
/*!50503 SET character_set_client = utf8mb4 */;
CREATE TABLE `users` (
  `user_id` int NOT NULL AUTO_INCREMENT,
  `username` varchar(255) NOT NULL,
  `telegram_id` bigint DEFAULT NULL,
  `referer_id` bigint DEFAULT NULL,
  `free_tariff` int NOT NULL DEFAULT '0',
  `admin` int NOT NULL DEFAULT '0',
  `lastname` varchar(255) DEFAULT NULL,
  `nickname` varchar(255) DEFAULT NULL,
  `premium` varchar(255) DEFAULT NULL,
  `language` varchar(255) DEFAULT NULL,
  `data` timestamp NOT NULL DEFAULT CURRENT_TIMESTAMP,
  `message` int NOT NULL DEFAULT '0',
  PRIMARY KEY (`user_id`),
  UNIQUE KEY `telegram_id` (`telegram_id`)
) ENGINE=InnoDB AUTO_INCREMENT=283 DEFAULT CHARSET=utf8mb4 COLLATE=utf8mb4_0900_ai_ci;
/*!40101 SET character_set_client = @saved_cs_client */;

--
-- Dumping data for table `users`
--

LOCK TABLES `users` WRITE;
/*!40000 ALTER TABLE `users` DISABLE KEYS */;
INSERT INTO `users` VALUES (18,'',510818204,17,0,0,NULL,NULL,NULL,NULL,'2023-10-12 16:15:45',1),(19,'Aigiz',502811372,NULL,2,0,NULL,NULL,NULL,NULL,'2023-10-12 16:15:45',1),(21,'Kate',242588747,19,0,0,NULL,NULL,NULL,NULL,'2023-10-12 16:15:45',1),(22,'',734507746,NULL,0,0,NULL,NULL,NULL,NULL,'2023-10-12 16:15:45',1),(26,'Pawel Abraham',1362418594,NULL,0,0,NULL,NULL,NULL,NULL,'2023-10-12 16:15:45',1),(27,'K.a',267880150,NULL,0,0,NULL,NULL,NULL,NULL,'2023-10-12 16:15:45',1),(28,'',308914459,NULL,0,0,NULL,NULL,NULL,NULL,'2023-10-12 16:15:45',1),(29,'Sajad',2003849773,NULL,0,0,NULL,NULL,NULL,NULL,'2023-10-12 16:15:45',1),(36,'MISAQ',64793659666,NULL,0,0,NULL,NULL,NULL,NULL,'2023-10-12 16:15:45',1),(39,'',833724883,NULL,0,0,NULL,NULL,NULL,NULL,'2023-10-12 16:15:45',1),(42,'',1682327826,NULL,0,0,NULL,NULL,NULL,NULL,'2023-10-12 16:15:45',1),(44,'___8',5893291930,NULL,1,0,NULL,NULL,NULL,NULL,'2023-10-12 16:15:45',1),(45,'Vladimir',57167136,NULL,1,0,NULL,NULL,NULL,NULL,'2023-10-12 16:15:45',1),(46,'',503225574,NULL,1,0,NULL,NULL,NULL,NULL,'2023-10-12 16:15:45',1),(47,'Vladimir',960369589,NULL,1,0,NULL,NULL,NULL,NULL,'2023-10-12 16:15:45',1),(49,'Marina',250135878,NULL,0,0,NULL,NULL,NULL,NULL,'2023-10-12 16:15:45',1),(51,'',883693089,NULL,1,0,NULL,NULL,NULL,NULL,'2023-10-12 16:15:45',1),(52,'KECYMI',6525753852,NULL,1,0,NULL,NULL,NULL,NULL,'2023-10-12 16:15:45',1),(53,'night ',6476308648,NULL,1,0,NULL,NULL,NULL,NULL,'2023-10-12 16:15:45',1),(54,'...',5426432429,NULL,2,0,NULL,NULL,NULL,NULL,'2023-10-12 16:15:45',1),(55,'',6133552871,NULL,0,0,NULL,NULL,NULL,NULL,'2023-10-12 16:15:45',1),(56,'',5543923462,NULL,0,0,NULL,NULL,NULL,NULL,'2023-10-12 16:15:45',1),(57,'',6232248796,NULL,1,0,NULL,NULL,NULL,NULL,'2023-10-12 16:15:45',1),(58,'Zakharchik',6593352963,NULL,2,0,NULL,NULL,NULL,NULL,'2023-10-12 16:15:45',1),(59,'kolesnikov',1067939985,NULL,1,0,NULL,NULL,NULL,NULL,'2023-10-12 16:15:45',1),(60,'amir.ap',6401931307,NULL,1,0,NULL,NULL,NULL,NULL,'2023-10-12 16:15:45',1),(61,'DownMArs',855519801,NULL,0,0,NULL,NULL,NULL,NULL,'2023-10-12 16:15:45',1),(62,'Afaq',6194759975,NULL,1,0,NULL,NULL,NULL,NULL,'2023-10-12 16:15:45',1),(63,'',5671213918,NULL,1,0,NULL,NULL,NULL,NULL,'2023-10-12 16:15:45',1),(64,'_',5709005487,NULL,0,0,NULL,NULL,NULL,NULL,'2023-10-12 16:15:45',1),(65,'',853577548,NULL,0,0,NULL,NULL,NULL,NULL,'2023-10-12 16:15:45',1),(66,'Den555',518702644,NULL,0,0,NULL,NULL,NULL,NULL,'2023-10-12 16:15:45',1),(68,'Alex',5759800040,NULL,1,0,NULL,NULL,NULL,NULL,'2023-10-12 16:15:45',1),(69,' ',550934441,NULL,1,0,NULL,NULL,NULL,NULL,'2023-10-12 16:15:45',1),(70,'Kirill',4366960,NULL,1,0,NULL,NULL,NULL,NULL,'2023-10-12 16:15:45',1),(71,'Evgeniy',96035379,NULL,1,0,NULL,NULL,NULL,NULL,'2023-10-12 16:15:45',1),(72,'mi',425448792,NULL,1,0,NULL,NULL,NULL,NULL,'2023-10-12 16:15:45',1),(73,'Svetlana',293606710,NULL,1,0,NULL,NULL,NULL,NULL,'2023-10-12 16:15:45',1),(74,'Sergey',408104219,NULL,0,0,NULL,NULL,NULL,NULL,'2023-10-12 16:15:45',1),(75,'',331682386,NULL,2,0,NULL,NULL,NULL,NULL,'2023-10-12 16:15:45',1),(76,'',1352558589,NULL,2,0,NULL,NULL,NULL,NULL,'2023-10-12 16:15:45',1),(77,'Aquarus',347533072,NULL,1,0,NULL,NULL,NULL,NULL,'2023-10-12 16:15:45',1),(78,'avengerloner',2014810034,NULL,1,0,NULL,NULL,NULL,NULL,'2023-10-12 16:15:45',1),(80,'',1883793712,NULL,0,0,NULL,NULL,NULL,NULL,'2023-10-12 16:15:45',1),(81,'    ',1284372102,NULL,0,0,NULL,NULL,NULL,NULL,'2023-10-12 16:15:45',1),(82,'Valeriy',111374964,NULL,0,0,NULL,NULL,NULL,NULL,'2023-10-12 16:15:45',1),(83,'',5932940586,NULL,0,0,NULL,NULL,NULL,NULL,'2023-10-12 16:15:45',1),(84,'Michael Yurevich',867140367,NULL,0,0,NULL,NULL,NULL,NULL,'2023-10-12 16:15:45',1),(85,'Maria',539525099,NULL,2,0,NULL,NULL,NULL,NULL,'2023-10-12 16:15:45',1),(86,'Hyo',6592203819,NULL,0,0,NULL,NULL,NULL,NULL,'2023-10-12 16:15:45',1),(87,'Developereva',5772106853,NULL,0,0,NULL,NULL,NULL,NULL,'2023-10-12 16:15:45',1),(93,'',1139164093,92,2,0,'','sagitow','1','ru','2023-10-12 16:15:46',1),(94,'Mister',5816974960,47,1,0,'VK','mister_vk',NULL,'ru','2023-10-12 16:15:46',1),(95,'',116186794,47,0,0,'',NULL,NULL,'ru','2023-10-12 16:15:46',1),(96,'',1805598804,47,1,0,'','hdyedyyehd',NULL,'ru','2023-10-12 16:15:46',1),(97,'',6146855045,47,1,0,NULL,'Boryamb',NULL,'ru','2023-10-12 16:15:46',1),(98,'.',715150245,47,1,0,NULL,'jasonsteppler',NULL,'ru','2023-10-12 16:15:46',1),(99,'',983643684,47,0,0,'',NULL,NULL,'ru','2023-10-12 16:15:46',1),(100,'',5483838540,47,2,0,NULL,NULL,NULL,'ru','2023-10-12 16:15:46',1),(101,'',1378338262,47,2,0,NULL,'Sir_Lag_a_lot',NULL,'ru','2023-10-12 16:15:46',1),(102,'',1004700302,47,0,0,NULL,'dvj_tash',NULL,'ru','2023-10-12 16:15:46',1),(103,' ',1312230034,47,1,0,NULL,NULL,NULL,'ru','2023-10-12 16:15:46',1),(104,'  |  | ',955919162,47,0,0,'https://konsensus.best','Ivan_Iushki','1','ru','2023-10-12 16:15:46',1),(105,'',1524570512,47,0,0,NULL,'Stoun78','1','ru','2023-10-12 16:15:46',1),(106,'Biege Spirit',5157399188,47,0,0,'Magomed','KurmanaevMagomed',NULL,'ru','2023-10-12 16:15:46',1),(107,'',738341313,NULL,1,0,'','afshin33296',NULL,'fa','2023-10-12 16:15:46',1),(108,'',1278358347,47,0,0,'','Vladimir_Pozov',NULL,'ru','2023-10-12 16:15:46',1),(109,'',453934940,47,1,0,'',NULL,NULL,'ru','2023-10-12 16:15:46',1),(110,'',1767477326,47,0,0,'','Vovenk',NULL,'en','2023-10-12 16:15:46',1),(111,'Mr.',1648361408,47,1,0,'Moissidi',NULL,NULL,'en','2023-10-12 16:15:46',1),(112,'Demoon',759045257,47,1,0,'Lemoon','demoon_lemoon',NULL,'ru','2023-10-12 16:15:46',1),(113,'Designer',5071107645,47,0,0,NULL,NULL,NULL,'en','2023-10-12 16:15:46',1),(114,'Lebedeva',1820092742,47,0,0,'Viktoria','Belochka_so_strannimi_mislami',NULL,'ru','2023-10-12 16:15:46',1),(115,'',628805605,47,1,0,NULL,'Aleksis82',NULL,'ru','2023-10-12 16:15:46',1),(116,'Ionova',869235978,47,0,0,'Victoriia','aleta1276',NULL,'ru','2023-10-12 16:15:46',1),(117,' ',5726580432,47,1,0,' ','Python_ist',NULL,'ru','2023-10-12 16:15:46',1),(118,'',287566051,47,0,0,NULL,'AVP2092',NULL,'ru','2023-10-12 16:15:46',1),(119,'',329364071,47,0,0,NULL,'SDesignApps',NULL,'ru','2023-10-12 16:15:46',1),(120,' ',915616265,47,1,0,'','Arielashrai','1','ru','2023-10-12 16:15:46',1),(121,'',712821726,47,0,0,NULL,NULL,NULL,'uk','2023-10-12 16:15:46',1),(122,'',5051201354,47,0,0,'','twiligt4838',NULL,'ru','2023-10-12 16:15:46',1),(123,'23_57',6432831909,47,1,0,NULL,NULL,NULL,'ru','2023-10-12 16:15:46',1),(124,'Katiar',1919688598,47,0,0,NULL,'Katiar_NN','1','ru','2023-10-12 16:15:46',1),(125,'',5204575131,47,0,0,'','IceCenat',NULL,'ru','2023-10-12 16:15:46',1),(126,'Eugen',1065062558,47,1,0,'Syrchik','Jenik_w',NULL,'ru','2023-10-12 16:15:46',1),(127,'No Name',1098648194,NULL,2,0,'No Name','lookatme222','1','ru','2023-10-12 16:15:46',1),(128,'Anton',807746370,NULL,2,0,'Lobanov','Kaidstor',NULL,'en','2023-10-12 16:15:46',1),(129,'DANYA',167208247,NULL,1,0,'MARKOFF','anonoff',NULL,'ru','2023-10-12 16:15:46',1),(130,'Unknown',274918556,47,0,0,'Name','deleted53',NULL,'ru','2023-10-12 16:15:46',1),(131,'',2102723699,47,0,0,NULL,'Lisa0205',NULL,'ru','2023-10-12 16:15:46',1),(132,'theshomi',1561228298,47,1,0,NULL,'theshomi',NULL,'ru','2023-10-12 16:15:46',1),(133,'',6407912086,47,2,0,NULL,'hippiatrist',NULL,'ru','2023-10-12 16:15:46',1),(134,'Ivan',739259813,47,0,0,NULL,NULL,NULL,'en','2023-10-12 16:15:46',1),(135,'Marwan',5649187123,47,1,0,'Hebary',NULL,NULL,'ar','2023-10-12 16:15:46',1),(136,'Shohidov',1911273914,47,1,0,NULL,'Mine_Mag',NULL,'ru','2023-10-12 16:15:46',1),(137,'',810911532,47,0,0,NULL,'Captain_Morgan_0',NULL,'ru','2023-10-12 16:15:46',1),(138,'',6636136430,47,1,0,NULL,'ryangosling712',NULL,'ru','2023-10-12 16:15:46',1),(139,'starX',6538553770,NULL,1,0,NULL,NULL,NULL,'ru','2023-10-12 16:15:46',1),(140,'',6475602805,47,1,0,NULL,'Vanessa6621',NULL,'ru','2023-10-12 16:15:46',1),(141,'andrew',1467879825,47,0,0,NULL,'gigatwist',NULL,'ru','2023-10-12 16:15:46',1),(142,'Mihal',221663314,47,2,0,NULL,'mihalAn',NULL,'ru','2023-10-12 16:15:46',1),(143,'',5803572683,47,0,0,NULL,'Marinad257',NULL,'ru','2023-10-12 16:15:46',1),(144,'Ya',1050687331,47,0,0,'Da','CHOslutilos',NULL,'ru','2023-10-12 16:15:46',1),(145,'Balistik()',731902837,47,0,0,NULL,'it2378',NULL,'ru','2023-10-12 16:15:46',1),(146,' ',2147094273,47,0,0,NULL,NULL,NULL,'ru','2023-10-12 16:15:46',1),(147,'',5832792444,47,0,0,'','aleks_77717',NULL,'ru','2023-10-12 16:15:46',1),(148,'Alexander Gipnoz',301772940,47,0,0,'Evdokimov','Gipnozer','1','ru','2023-10-12 16:15:46',1),(149,'',406435293,47,0,0,NULL,'Alesha3',NULL,'ru','2023-10-12 16:15:46',1),(150,'',1187501683,47,0,0,NULL,'khamza19',NULL,'ru','2023-10-12 16:15:46',1),(151,'Ooooooo',954103131,47,0,0,NULL,'Mimmimin',NULL,'fa','2023-10-12 16:15:46',1),(152,'',1001274646,47,0,0,NULL,'lucious_li',NULL,'ru','2023-10-12 16:15:46',1),(153,'Anton',5697209185,47,1,0,NULL,'swOrdss',NULL,'ru','2023-10-12 16:15:46',1),(154,'',1810958802,47,1,0,NULL,'gingur_200101000',NULL,'ru','2023-10-12 16:15:46',1),(155,'',5184360139,47,2,0,NULL,'m8884e',NULL,'ru','2023-10-12 16:15:46',1),(156,'Marec',431335202,47,0,0,'Matros',NULL,NULL,'ru','2023-10-12 16:15:46',1),(157,'',361445044,47,0,0,'','mestepanik','1','ru','2023-10-12 16:15:46',1),(158,'MED',6495406349,47,0,0,'tikmo',NULL,NULL,'ar','2023-10-12 16:15:46',1),(159,'MsRuslan39RU',5052157201,47,2,0,NULL,'MsRuslan39RU',NULL,'ru','2023-10-12 16:15:46',1),(160,'SinShin ',5129970324,47,1,0,NULL,'Anonymous038',NULL,'ru','2023-10-12 16:15:46',1),(161,'',5259037375,47,0,0,'',NULL,NULL,'ru','2023-10-12 16:15:46',1),(162,'',5374390800,47,1,0,NULL,NULL,NULL,'ru','2023-10-12 16:15:47',1),(163,'',870434538,47,0,0,NULL,'Deputat_one',NULL,'ru','2023-10-12 16:15:47',1),(164,'',600845523,47,1,0,NULL,'romas2266',NULL,'ru','2023-10-12 16:15:47',1),(165,'Yuliya',6327392309,47,0,0,NULL,NULL,NULL,'ru','2023-10-12 16:15:47',1),(166,'',252781838,47,0,0,'','panm7',NULL,'ru','2023-10-12 16:15:47',1),(167,'',1027642247,47,0,0,'','mexazzi',NULL,'ru','2023-10-12 16:27:34',1),(168,'',904504467,47,1,0,'','Archuk5',NULL,'ru','2023-10-12 18:01:18',1),(169,'',880220675,47,0,0,NULL,'mysmolensk',NULL,'ru','2023-10-12 18:20:53',1),(170,'Maksim',200269070,47,0,0,'Katayous Krugame','Dontchu_fucking_look_at_Meeeee',NULL,'ru','2023-10-12 19:03:07',1),(171,'',1562750182,47,1,0,'','shamsun11',NULL,'ru','2023-10-12 19:14:12',1),(172,'Cybersecurity',813777930,47,1,0,'Life','Cybersecurity_life','1','ru','2023-10-12 20:31:50',1),(173,'Gaza',6637494804,47,0,0,'Boy',NULL,NULL,'fr','2023-10-12 21:30:02',1),(174,'M',344188844,47,2,0,NULL,'M7_88',NULL,'ar','2023-10-12 21:37:59',1),(175,'Nikitothka',461656218,47,1,0,NULL,'nikitothka','1','ru','2023-10-12 22:02:56',1),(176,'Bloodhunter',5227629211,47,0,0,NULL,'innthedead',NULL,'ru','2023-10-12 22:16:22',1),(177,'',980417343,47,1,0,NULL,NULL,NULL,'ru','2023-10-13 00:05:40',1),(178,'Andrey',455731001,47,0,0,'Smirnov',NULL,NULL,'ru','2023-10-13 00:07:53',1),(179,'Anvar',310513031,47,0,0,NULL,'RAnvarS',NULL,'ru','2023-10-13 04:19:44',1),(180,'..::alkers::..',5240588320,47,0,0,NULL,'Sed4ik',NULL,'ru','2023-10-13 04:44:41',1),(181,'DL',811384433,47,0,0,'OW','DLOWarp',NULL,'ru','2023-10-13 06:09:00',1),(182,'Bibek',1515849135,47,0,0,'Naik',NULL,NULL,'en','2023-10-13 06:50:44',1),(183,'[OTP]',510055522,47,0,0,'',NULL,NULL,'ru','2023-10-13 06:56:40',1),(184,'Kiril',1657518862,47,0,0,NULL,NULL,NULL,'en','2023-10-13 08:14:45',1),(185,'',903613156,47,0,0,'',NULL,NULL,'ru','2023-10-13 08:33:08',1),(186,'Dead Man',2121585666,47,0,0,'X',NULL,NULL,'en','2023-10-13 08:50:51',1),(187,'Valia',5322751424,47,0,0,'Ret',NULL,NULL,'ru','2023-10-13 09:49:16',1),(188,'',6148700439,47,0,0,NULL,'monn3400',NULL,'ru','2023-10-13 09:57:55',1),(189,'oa',5002439829,47,0,0,'',NULL,NULL,'ru','2023-10-13 10:31:44',1),(190,'',5222941173,47,0,0,'','prosto_gorynych',NULL,'ru','2023-10-13 10:34:43',1),(191,'Marina ',795819491,47,1,0,NULL,'by_artichoke',NULL,'ru','2023-10-13 11:05:03',1),(192,'!',840085820,47,0,0,NULL,'volcha39',NULL,'ru','2023-10-13 11:14:07',1),(193,'',673239138,47,1,0,'','WR_CR_MAN',NULL,'ru','2023-10-13 13:09:35',1),(194,'',5151223685,47,2,0,'',NULL,NULL,'ru','2023-10-13 14:17:35',1),(195,'fdfs',1108315839,47,0,0,'vv nu',NULL,NULL,'ru','2023-10-13 16:02:02',1),(196,'',6024092722,NULL,0,0,NULL,NULL,NULL,'ru','2023-10-13 20:07:47',1),(197,'',702864408,47,0,0,NULL,'Oleg170351',NULL,'ru','2023-10-14 03:03:49',1),(198,' ',510953983,47,0,0,NULL,'advvsj',NULL,'en','2023-10-14 04:02:08',1),(199,'',1085130217,47,0,0,NULL,'crasavcec_go',NULL,'ru','2023-10-14 04:35:50',1),(200,'.',6540336389,47,0,0,NULL,'Llllllllllllll77777',NULL,'ru','2023-10-14 07:11:25',1),(201,'',1322206351,47,0,0,NULL,'marina18invest','1','ru','2023-10-14 09:51:50',1),(202,'Shivam',6232129883,47,0,0,'Khot',NULL,NULL,'en','2023-10-14 13:44:07',1),(203,'werty',1428225261,47,0,0,'gort','WertyGortian',NULL,'ru','2023-10-14 17:48:26',1),(204,'',317834834,NULL,0,0,NULL,'Andrey_Frontends',NULL,'ru','2023-10-14 19:17:26',1),(205,'',973674589,47,1,0,' ','evgeniyazayac','1','ru','2023-10-14 19:44:11',1),(206,'',1043972657,47,1,0,NULL,'drakon0092',NULL,'ru','2023-10-15 00:20:51',1),(207,'Rak',629588649,47,1,0,NULL,'Rakonella',NULL,'ru','2023-10-15 08:34:46',1),(208,'Halim',5732353913,47,1,0,NULL,NULL,NULL,'fr','2023-10-15 09:38:49',1),(209,'',773871373,47,0,0,NULL,'Porphyriy',NULL,'ru','2023-10-15 11:53:32',1),(210,'',6100610812,47,1,0,NULL,NULL,NULL,'ru','2023-10-15 14:13:29',1),(211,'',6205588730,47,1,0,NULL,'skrret2',NULL,'ru','2023-10-15 14:24:43',1),(212,'Aleksandr',979493364,47,1,0,NULL,'Alvaso54',NULL,'ru','2023-10-15 15:10:21',1),(213,'pushpana',1259642467,47,1,0,'than','Pushpanat',NULL,'en','2023-10-15 16:57:26',1),(214,'Sergio',180799387,47,0,0,'Kenevalh',NULL,NULL,'ru','2023-10-15 19:38:59',1),(215,'',576623972,47,1,0,'','mirgorodskaya_anna',NULL,'ru','2023-10-15 20:52:36',1),(216,'Rozy',1653438438,47,1,0,'Jumayew','RozyJumayew',NULL,'ru','2023-10-16 09:16:11',1),(217,'',5790791816,47,0,0,NULL,NULL,NULL,'ru','2023-10-16 10:26:52',1),(218,'2BG10(1)-031',2118723617,NULL,0,0,'  ','KoeEh11',NULL,'en','2023-10-16 13:50:44',1),(219,'',1474564334,NULL,1,0,NULL,NULL,NULL,'ru','2023-10-16 15:08:32',1),(220,'',1018437042,47,0,0,'Stanislav',NULL,NULL,'ru','2023-10-16 18:00:46',1),(221,'alexey',209950124,NULL,0,0,'zubov','Atelier_Alexey_Zubov',NULL,'ru','2023-10-16 18:47:11',1),(222,'crimsonbelvedere',1647091595,NULL,1,0,NULL,'polarnost',NULL,'ru','2023-10-17 11:26:28',1),(223,'z.khodabande',6173015518,NULL,1,0,NULL,NULL,NULL,'fa','2023-10-17 12:38:46',1),(224,'m',5463791128,NULL,1,0,NULL,NULL,NULL,'en','2023-10-17 13:07:58',1),(225,'',1024898843,NULL,0,0,'','VictorIsaev',NULL,'ru','2023-10-17 14:35:12',1),(226,'Ars',72435512,NULL,0,0,'','arskdev',NULL,'ru','2023-10-17 15:14:14',1),(227,'Egor',97528912,NULL,0,0,':D','arturblair','1','ru','2023-10-17 15:22:57',1),(228,'Dasha',365117257,NULL,0,0,NULL,'dreamsss22',NULL,'ru','2023-10-17 15:58:40',1),(229,'',922102758,NULL,1,0,'','mushrom63','1','ru','2023-10-17 17:57:55',1),(230,'Andrey',147156935,NULL,0,0,'Kochetkov','ondryushka',NULL,'ru','2023-10-17 17:59:14',1),(231,'Outlinex',235013345,NULL,1,0,'Support','off_radar_support',NULL,'ru','2023-10-17 18:55:10',1),(232,'Roman',14453022,NULL,0,0,'Kre','hagenn',NULL,'ru','2023-10-17 18:55:19',1),(233,'Maxim',245616937,NULL,0,0,'Bezuglov','maximbezuglov',NULL,'ru','2023-10-17 19:14:10',1),(234,'',1301403687,47,1,0,NULL,'QWERTY376763',NULL,'ru','2023-10-17 22:08:06',1),(235,'',6454107937,NULL,1,0,'',NULL,NULL,'fa','2023-10-18 04:25:03',1),(236,'Wait',1369281046,NULL,2,0,NULL,'WaitDrag',NULL,'ru','2023-10-18 05:18:15',1),(237,'',6094105394,47,0,0,'',NULL,NULL,'ru','2023-10-18 07:57:50',1),(238,'Mahdiyar',1592235455,NULL,0,0,NULL,'Modoro',NULL,'fa','2023-10-18 08:19:51',1),(239,'KIM',906448927,NULL,1,0,NULL,'Resimka',NULL,'ru','2023-10-18 08:42:59',1),(240,'mila',464493256,NULL,0,0,NULL,'soloxtti',NULL,'ru','2023-10-18 10:16:38',1),(241,' s',977384796,NULL,2,0,NULL,'freeze_sky','1','ru','2023-10-18 13:26:54',1),(242,'psyho ',5759465826,NULL,1,0,NULL,'adolf_ebashilov',NULL,'ru','2023-10-18 13:28:06',1),(243,'',6493841336,NULL,0,0,NULL,'forsdoes',NULL,'ru','2023-10-18 13:34:10',1),(244,' ??',5974766968,NULL,1,0,'','wwedoxx',NULL,'uk','2023-10-18 13:35:54',1),(245,'ymf',1127915215,NULL,1,0,NULL,'koliantupoikachok',NULL,'ru','2023-10-18 13:37:09',1),(246,' ',835789420,NULL,1,0,NULL,'sayrexqq',NULL,'ru','2023-10-18 13:37:42',1),(247,'well0p',603654968,NULL,0,0,NULL,'well0p','1','ru','2023-10-18 13:39:09',1),(248,'onlyelvina',1280998109,NULL,0,0,NULL,'onlyelvina','1','ru','2023-10-18 15:25:06',1),(249,'',898747588,NULL,0,0,NULL,NULL,NULL,'ru','2023-10-18 15:48:39',1),(250,'',920720291,NULL,0,0,NULL,'ibragimadel',NULL,'ru','2023-10-18 16:13:09',1),(251,'Denis',418279128,NULL,0,0,NULL,'kmonmf',NULL,'ru','2023-10-18 16:46:23',1),(252,'GHOST',6180335790,NULL,0,0,NULL,'saimonrayli',NULL,'ru','2023-10-18 17:03:24',1),(253,'',468998385,250,0,0,NULL,'Elvirunchik',NULL,'ru','2023-10-18 17:52:48',1),(254,'',442224783,250,0,0,NULL,NULL,NULL,'ru','2023-10-18 17:54:49',1),(255,'',5243038912,250,0,0,NULL,'Sanya_7077',NULL,'ru','2023-10-18 18:01:09',1),(256,'shawtyy',615072354,NULL,0,0,NULL,'Astral417','1','ru','2023-10-18 18:44:05',1),(257,'squerwx',745761920,NULL,0,0,NULL,'squerwxx',NULL,'ru','2023-10-18 19:34:35',1),(258,'EMS',5257242450,47,1,0,NULL,'MadaraEMS',NULL,'ru','2023-10-18 20:50:49',1),(259,'',5515358231,NULL,0,0,'','zxc_shadowfiend','1','ru','2023-10-18 20:56:49',1),(260,'Axxtyamov',742532382,250,0,0,NULL,NULL,NULL,'ru','2023-10-18 21:21:16',1),(261,' ',493906185,NULL,1,0,'  ','Expertsim','1','ru','2023-10-19 01:51:04',1),(262,'',710474193,250,1,0,NULL,'yu_ln',NULL,'ru','2023-10-19 02:45:08',1),(263,'',514775891,NULL,0,0,'','andreizhvakin',NULL,'ru','2023-10-19 03:37:20',1),(264,'',741492174,47,0,0,'','ViktorTrufanov',NULL,'ru','2023-10-19 04:25:07',1),(265,'',478685546,NULL,0,0,'','piakov_danila',NULL,'ru','2023-10-19 04:50:33',1),(266,'',297358450,NULL,2,0,NULL,'Kaidzen100b',NULL,'ru','2023-10-19 07:02:33',1),(267,'',965188367,NULL,1,0,NULL,NULL,NULL,'ru','2023-10-19 08:05:30',1),(268,'',383155712,NULL,1,0,NULL,'iguzdes','1','ru','2023-10-19 09:11:12',1),(269,'Alex',967048322,47,0,0,NULL,'alexlocknet',NULL,'en','2023-10-19 11:34:43',1),(270,'',739183963,250,2,0,'','LenaraBayazitova',NULL,'ru','2023-10-19 13:14:26',1),(271,'',848830245,NULL,1,0,'','ifidobrowss',NULL,'ru','2023-10-19 13:22:23',1),(272,'.',122857154,NULL,2,0,NULL,NULL,NULL,'en','2023-10-19 13:53:18',1),(273,'',46929211,NULL,0,0,NULL,'lorentzimys',NULL,'ru','2023-10-19 15:17:22',1),(274,'',241183907,NULL,0,0,'','leoneedpro',NULL,'ru','2023-10-20 02:05:25',1),(275,'mohamad',5629985016,NULL,1,0,'','Jfegivdjfd',NULL,'fa','2023-10-20 08:15:52',1),(276,'Emxc',910386460,NULL,0,0,'who?','skywence',NULL,'ru','2023-10-20 15:38:54',1),(277,'Friner \"SWATER\"',5882349016,NULL,1,0,NULL,'Frinerswat',NULL,'ru','2023-10-20 19:44:50',1),(278,'DageDarr',1078560063,47,0,0,'Dead_Loud','DageDarr259',NULL,'ru','2023-10-20 19:49:09',1),(279,'',1966963829,193,1,0,NULL,'razil_07',NULL,'ru','2023-10-20 21:41:40',1),(280,'EURO',1835705321,193,1,0,NULL,'biggesttt',NULL,'ru','2023-10-20 21:46:13',1),(281,'Olimov',5065026480,NULL,0,0,NULL,NULL,NULL,'ru','2023-10-21 10:46:35',1),(282,'1',5077563478,47,2,0,NULL,'Jf123gt',NULL,'ru','2023-10-21 11:50:39',1);
/*!40000 ALTER TABLE `users` ENABLE KEYS */;
UNLOCK TABLES;
/*!40103 SET TIME_ZONE=@OLD_TIME_ZONE */;

/*!40101 SET SQL_MODE=@OLD_SQL_MODE */;
/*!40014 SET FOREIGN_KEY_CHECKS=@OLD_FOREIGN_KEY_CHECKS */;
/*!40014 SET UNIQUE_CHECKS=@OLD_UNIQUE_CHECKS */;
/*!40101 SET CHARACTER_SET_CLIENT=@OLD_CHARACTER_SET_CLIENT */;
/*!40101 SET CHARACTER_SET_RESULTS=@OLD_CHARACTER_SET_RESULTS */;
/*!40101 SET COLLATION_CONNECTION=@OLD_COLLATION_CONNECTION */;
/*!40111 SET SQL_NOTES=@OLD_SQL_NOTES */;

-- Dump completed on 2023-10-21 16:10:27
